[
  {
    "_id": "68f5e81a2c6da859810d973d",
    "academicYearId": "68d8b25effe9c2eccae088b4",
    "assignmentId": "68f5e7b02c6da859810d9469",
    "reportId": "68f4ed74adb2f87b2a8d5dc1",
    "evaluatorId": "68d8b25effe9c2eccae088b2",
    "rating": "good",
    "overallComment": "TBKL Cuộc họp của lãnh đạo Ban Chỉ đạo Trung ương về phát triển khoa học, công nghệ, đổi mới sáng tạo và chuyển đổi số với Thường trực Tổ giúp việc và các cơ quan có liên quan để tháo gỡ những tồn tại, hạn chế, điểm nghẽn về khoa học, công nghệ..",
    "evidenceAssessment": {
      "adequacy": "adequate",
      "relevance": "good",
      "quality": "good"
    },
    "status": "final",
    "metadata": {
      "wordCount": 54,
      "autoSaveCount": 0,
      "lastSaved": "2025-10-20T07:44:09.993Z"
    },
    "strengths": [],
    "improvementAreas": [],
    "recommendations": [],
    "startedAt": "2025-10-20T07:43:22.305Z",
    "history": [
      {
        "action": "updated",
        "timestamp": "2025-10-20T07:43:24.402Z",
        "userId": "68d8b25effe9c2eccae088b2",
        "note": "",
        "_id": "68f5e81c2c6da859810d974b"
      },
      {
        "action": "submitted",
        "timestamp": "2025-10-20T07:43:24.446Z",
        "userId": "68d8b25effe9c2eccae088b2",
        "note": "",
        "_id": "68f5e81c2c6da859810d9756"
      },
      {
        "action": "supervised",
        "timestamp": "2025-10-20T07:44:01.510Z",
        "userId": "68d8b25effe9c2eccae088b1",
        "note": "",
        "_id": "68f5e8412c6da859810d98df"
      },
      {
        "action": "finalized",
        "timestamp": "2025-10-20T07:44:09.990Z",
        "userId": "68d8b25effe9c2eccae088b3",
        "note": "",
        "_id": "68f5e8492c6da859810d9982"
      }
    ],
    "createdAt": "2025-10-20T07:43:22.305Z",
    "updatedAt": "2025-10-20T07:44:09.993Z",
    "__v": 4,
    "submittedAt": "2025-10-20T07:43:24.446Z",
    "supervisedAt": "2025-10-20T07:44:01.509Z",
    "supervisorGuidance": {
      "comments": "ok",
      "guidedAt": "2025-10-20T07:44:01.509Z",
      "guidedBy": "68d8b25effe9c2eccae088b1"
    },
    "finalizedAt": "2025-10-20T07:44:09.990Z"
  },
  {
    "_id": "68f5ea332c6da859810d9ea8",
    "academicYearId": "68d8b25effe9c2eccae088b4",
    "assignmentId": "68f5e8862c6da859810d9ad9",
    "reportId": "68f09bb30c094272d999ae17",
    "evaluatorId": "68d8b25effe9c2eccae088b2",
    "rating": "excellent",
    "overallComment": "fgre",
    "evidenceAssessment": {
      "adequacy": "adequate",
      "relevance": "poor",
      "quality": "poor"
    },
    "status": "final",
    "metadata": {
      "wordCount": 1,
      "autoSaveCount": 0,
      "lastSaved": "2025-10-20T08:26:20.842Z"
    },
    "strengths": [],
    "improvementAreas": [],
    "recommendations": [],
    "startedAt": "2025-10-20T07:52:19.091Z",
    "history": [
      {
        "action": "updated",
        "timestamp": "2025-10-20T07:52:25.306Z",
        "userId": "68d8b25effe9c2eccae088b2",
        "note": "",
        "_id": "68f5ea392c6da859810d9ed4"
      },
      {
        "action": "submitted",
        "timestamp": "2025-10-20T07:52:25.414Z",
        "userId": "68d8b25effe9c2eccae088b2",
        "note": "",
        "_id": "68f5ea392c6da859810d9edf"
      },
      {
        "action": "supervised",
        "timestamp": "2025-10-20T07:53:06.168Z",
        "userId": "68d8b25effe9c2eccae088b1",
        "note": "",
        "_id": "68f5ea622c6da859810da0b1"
      },
      {
        "action": "finalized",
        "timestamp": "2025-10-20T08:26:20.840Z",
        "userId": "68d8b25effe9c2eccae088b3",
        "note": "",
        "_id": "68f5f22c2c6da859810db1c9"
      }
    ],
    "createdAt": "2025-10-20T07:52:19.092Z",
    "updatedAt": "2025-10-20T08:26:20.842Z",
    "__v": 4,
    "submittedAt": "2025-10-20T07:52:25.414Z",
    "supervisedAt": "2025-10-20T07:53:06.167Z",
    "supervisorGuidance": {
      "comments": "",
      "guidedAt": "2025-10-20T07:53:06.167Z",
      "guidedBy": "68d8b25effe9c2eccae088b1"
    },
    "finalizedAt": "2025-10-20T08:26:20.840Z"
  },
  {
    "_id": "68f5f1ed2c6da859810dafb9",
    "academicYearId": "68d8b25effe9c2eccae088b4",
    "assignmentId": "68f5f1c12c6da859810dae5a",
    "reportId": "68f5f0b62c6da859810dab53",
    "evaluatorId": "68d8b25effe9c2eccae088b2",
    "rating": "good",
    "overallComment": "hjkjhk",
    "evidenceAssessment": {
      "adequacy": "adequate",
      "relevance": "good",
      "quality": "good"
    },
    "status": "final",
    "metadata": {
      "wordCount": 1,
      "autoSaveCount": 0,
      "lastSaved": "2025-10-20T08:26:27.710Z"
    },
    "strengths": [],
    "improvementAreas": [],
    "recommendations": [],
    "startedAt": "2025-10-20T08:25:17.242Z",
    "history": [
      {
        "action": "updated",
        "timestamp": "2025-10-20T08:25:17.876Z",
        "userId": "68d8b25effe9c2eccae088b2",
        "note": "",
        "_id": "68f5f1ed2c6da859810dafc7"
      },
      {
        "action": "submitted",
        "timestamp": "2025-10-20T08:25:17.921Z",
        "userId": "68d8b25effe9c2eccae088b2",
        "note": "",
        "_id": "68f5f1ed2c6da859810dafd2"
      },
      {
        "action": "supervised",
        "timestamp": "2025-10-20T08:26:09.098Z",
        "userId": "68d8b25effe9c2eccae088b1",
        "note": "",
        "_id": "68f5f2212c6da859810db15a"
      },
      {
        "action": "finalized",
        "timestamp": "2025-10-20T08:26:27.709Z",
        "userId": "68d8b25effe9c2eccae088b3",
        "note": "",
        "_id": "68f5f2332c6da859810db230"
      }
    ],
    "createdAt": "2025-10-20T08:25:17.242Z",
    "updatedAt": "2025-10-20T08:26:27.710Z",
    "__v": 4,
    "submittedAt": "2025-10-20T08:25:17.921Z",
    "supervisedAt": "2025-10-20T08:26:09.098Z",
    "supervisorGuidance": {
      "comments": "",
      "guidedAt": "2025-10-20T08:26:09.098Z",
      "guidedBy": "68d8b25effe9c2eccae088b1"
    },
    "finalizedAt": "2025-10-20T08:26:27.709Z"
  },
  {
    "_id": "68f5f2de2c6da859810db667",
    "academicYearId": "68d8b25effe9c2eccae088b4",
    "assignmentId": "68f5f28f2c6da859810db41f",
    "reportId": "68f20b79765f939c3eced0d4",
    "evaluatorId": "68ebc18d771e0df31e980506",
    "rating": "",
    "overallComment": "",
    "evidenceAssessment": {
      "adequacy": "",
      "relevance": "",
      "quality": ""
    },
    "status": "draft",
    "metadata": {
      "wordCount": 0,
      "autoSaveCount": 0,
      "lastSaved": "2025-10-20T08:29:18.394Z"
    },
    "strengths": [],
    "improvementAreas": [],
    "recommendations": [],
    "startedAt": "2025-10-20T08:29:18.394Z",
    "history": [],
    "createdAt": "2025-10-20T08:29:18.394Z",
    "updatedAt": "2025-10-20T08:29:18.394Z",
    "__v": 0
  }
]