[
  {
    "_id": "68e5be1d70de6790d9aab628",
    "originalName": "Khoa ICT_HÆ°á»ng dáº«n trÃ¬nh bÃ y bÃ¡o cÃ¡o thá»±c táº­p FN1.docx",
    "storedName": "H1.01.01.02-Danh gia chat luong chuong trinh dao tao dai hoc.docx",
    "filePath": "uploads\\evidences\\H1.01.01.02-Danh gia chat luong chuong trinh dao tao dai hoc.docx",
    "size": 132343,
    "mimeType": "application/vnd.openxmlformats-officedocument.wordprocessingml.document",
    "extension": ".docx",
    "type": "file",
    "evidenceId": "68e4da273f0a462ac90abe3d",
    "uploadedBy": "68d8b25effe9c2eccae088b0",
    "url": "/uploads/evidences/H1.01.01.02-Danh gia chat luong chuong trinh dao tao dai hoc.docx",
    "parentFolder": null,
    "children": [],
    "folderMetadata": {
      "fileCount": 0,
      "totalSize": 0
    },
    "status": "active",
    "virusScanResult": {
      "scanned": false,
      "clean": true
    },
    "downloadCount": 0,
    "uploadedAt": "2025-10-08T01:27:57.995Z",
    "updatedAt": "2025-10-08T01:27:57.996Z",
    "__v": 0
  },
  {
    "_id": "68e5be3370de6790d9aab64f",
    "originalName": "Khoa ICT_HÆ°á»ng dáº«n trÃ¬nh bÃ y bÃ¡o cÃ¡o thá»±c táº­p FN1.docx",
    "storedName": "H1.01.01.02-Danh gia chat luong chuong trinh dao tao dai hoc.docx",
    "filePath": "uploads\\evidences\\H1.01.01.02-Danh gia chat luong chuong trinh dao tao dai hoc.docx",
    "size": 132343,
    "mimeType": "application/vnd.openxmlformats-officedocument.wordprocessingml.document",
    "extension": ".docx",
    "type": "file",
    "evidenceId": "68e4da273f0a462ac90abe3d",
    "uploadedBy": "68d8b25effe9c2eccae088b0",
    "url": "/uploads/evidences/H1.01.01.02-Danh gia chat luong chuong trinh dao tao dai hoc.docx",
    "parentFolder": null,
    "children": [],
    "folderMetadata": {
      "fileCount": 0,
      "totalSize": 0
    },
    "status": "active",
    "virusScanResult": {
      "scanned": false,
      "clean": true
    },
    "downloadCount": 0,
    "uploadedAt": "2025-10-08T01:28:19.189Z",
    "updatedAt": "2025-10-08T01:28:19.189Z",
    "__v": 0
  },
  {
    "_id": "68e5be3370de6790d9aab65d",
    "originalName": "Máº«u 04. Nháº­t kÃ½ thá»±c táº­p nghá» nghiá»p.docx",
    "storedName": "H1.01.01.02-Danh gia chat luong chuong trinh dao tao dai hoc.docx",
    "filePath": "uploads\\evidences\\H1.01.01.02-Danh gia chat luong chuong trinh dao tao dai hoc.docx",
    "size": 40731,
    "mimeType": "application/vnd.openxmlformats-officedocument.wordprocessingml.document",
    "extension": ".docx",
    "type": "file",
    "evidenceId": "68e4da273f0a462ac90abe3d",
    "uploadedBy": "68d8b25effe9c2eccae088b0",
    "url": "/uploads/evidences/H1.01.01.02-Danh gia chat luong chuong trinh dao tao dai hoc.docx",
    "parentFolder": null,
    "children": [],
    "folderMetadata": {
      "fileCount": 0,
      "totalSize": 0
    },
    "status": "active",
    "virusScanResult": {
      "scanned": false,
      "clean": true
    },
    "downloadCount": 0,
    "uploadedAt": "2025-10-08T01:28:19.263Z",
    "updatedAt": "2025-10-08T01:28:19.263Z",
    "__v": 0
  },
  {
    "_id": "68e5be3370de6790d9aab66c",
    "originalName": "Máº«u 06. Phiáº¿u Tá»± ÄÃ¡nh giÃ¡ thá»±c táº­p.docx",
    "storedName": "H1.01.01.02-Danh gia chat luong chuong trinh dao tao dai hoc.docx",
    "filePath": "uploads\\evidences\\H1.01.01.02-Danh gia chat luong chuong trinh dao tao dai hoc.docx",
    "size": 26715,
    "mimeType": "application/vnd.openxmlformats-officedocument.wordprocessingml.document",
    "extension": ".docx",
    "type": "file",
    "evidenceId": "68e4da273f0a462ac90abe3d",
    "uploadedBy": "68d8b25effe9c2eccae088b0",
    "url": "/uploads/evidences/H1.01.01.02-Danh gia chat luong chuong trinh dao tao dai hoc.docx",
    "parentFolder": null,
    "children": [],
    "folderMetadata": {
      "fileCount": 0,
      "totalSize": 0
    },
    "status": "active",
    "virusScanResult": {
      "scanned": false,
      "clean": true
    },
    "downloadCount": 0,
    "uploadedAt": "2025-10-08T01:28:19.341Z",
    "updatedAt": "2025-10-08T01:28:19.341Z",
    "__v": 0
  },
  {
    "_id": "68e5be3370de6790d9aab67c",
    "originalName": "Máº«u 07. Phiáº¿u cháº¥m Äiá»m cá»§a giáº£ng viÃªn hÆ°á»ng dáº«n.docx",
    "storedName": "H1.01.01.02-Danh gia chat luong chuong trinh dao tao dai hoc.docx",
    "filePath": "uploads\\evidences\\H1.01.01.02-Danh gia chat luong chuong trinh dao tao dai hoc.docx",
    "size": 27716,
    "mimeType": "application/vnd.openxmlformats-officedocument.wordprocessingml.document",
    "extension": ".docx",
    "type": "file",
    "evidenceId": "68e4da273f0a462ac90abe3d",
    "uploadedBy": "68d8b25effe9c2eccae088b0",
    "url": "/uploads/evidences/H1.01.01.02-Danh gia chat luong chuong trinh dao tao dai hoc.docx",
    "parentFolder": null,
    "children": [],
    "folderMetadata": {
      "fileCount": 0,
      "totalSize": 0
    },
    "status": "active",
    "virusScanResult": {
      "scanned": false,
      "clean": true
    },
    "downloadCount": 0,
    "uploadedAt": "2025-10-08T01:28:19.409Z",
    "updatedAt": "2025-10-08T01:28:19.409Z",
    "__v": 0
  },
  {
    "_id": "68e5be3370de6790d9aab68d",
    "originalName": "Máº«u 08. Phiáº¿u cháº¥m Äiá»m cá»§a ÄÆ¡n vá» thá»±c táº­p.docx",
    "storedName": "H1.01.01.02-Danh gia chat luong chuong trinh dao tao dai hoc.docx",
    "filePath": "uploads\\evidences\\H1.01.01.02-Danh gia chat luong chuong trinh dao tao dai hoc.docx",
    "size": 27432,
    "mimeType": "application/vnd.openxmlformats-officedocument.wordprocessingml.document",
    "extension": ".docx",
    "type": "file",
    "evidenceId": "68e4da273f0a462ac90abe3d",
    "uploadedBy": "68d8b25effe9c2eccae088b0",
    "url": "/uploads/evidences/H1.01.01.02-Danh gia chat luong chuong trinh dao tao dai hoc.docx",
    "parentFolder": null,
    "children": [],
    "folderMetadata": {
      "fileCount": 0,
      "totalSize": 0
    },
    "status": "active",
    "virusScanResult": {
      "scanned": false,
      "clean": true
    },
    "downloadCount": 0,
    "uploadedAt": "2025-10-08T01:28:19.483Z",
    "updatedAt": "2025-10-08T01:28:19.483Z",
    "__v": 0
  },
  {
    "_id": "68e5be3370de6790d9aab69f",
    "originalName": "TranVietLoc_BIT230242_Káº¿ hoáº¡ch thá»±c táº­p nghá» nghiá»p.docx",
    "storedName": "H1.01.01.02-Danh gia chat luong chuong trinh dao tao dai hoc.docx",
    "filePath": "uploads\\evidences\\H1.01.01.02-Danh gia chat luong chuong trinh dao tao dai hoc.docx",
    "size": 41558,
    "mimeType": "application/vnd.openxmlformats-officedocument.wordprocessingml.document",
    "extension": ".docx",
    "type": "file",
    "evidenceId": "68e4da273f0a462ac90abe3d",
    "uploadedBy": "68d8b25effe9c2eccae088b0",
    "url": "/uploads/evidences/H1.01.01.02-Danh gia chat luong chuong trinh dao tao dai hoc.docx",
    "parentFolder": null,
    "children": [],
    "folderMetadata": {
      "fileCount": 0,
      "totalSize": 0
    },
    "status": "active",
    "virusScanResult": {
      "scanned": false,
      "clean": true
    },
    "downloadCount": 0,
    "uploadedAt": "2025-10-08T01:28:19.520Z",
    "updatedAt": "2025-10-08T01:28:19.521Z",
    "__v": 0
  },
  {
    "_id": "68eccb7908f57449aa63345c",
    "originalName": "template-cay-minh-chung.xlsx",
    "storedName": "H3.03.03.28-Quyet dinh phe duyet vi tri viec lam va so nguoi lam viec.xlsx",
    "filePath": "uploads\\evidences\\H3.03.03.28-Quyet dinh phe duyet vi tri viec lam va so nguoi lam viec.xlsx",
    "size": 12436,
    "mimeType": "application/vnd.openxmlformats-officedocument.spreadsheetml.sheet",
    "extension": ".xlsx",
    "type": "file",
    "evidenceId": "68ecc89e08f57449aa632b1d",
    "uploadedBy": "68d8b25effe9c2eccae088b0",
    "url": "/uploads/evidences/H3.03.03.28-Quyet dinh phe duyet vi tri viec lam va so nguoi lam viec.xlsx",
    "parentFolder": null,
    "children": [],
    "folderMetadata": {
      "fileCount": 0,
      "totalSize": 0
    },
    "status": "active",
    "virusScanResult": {
      "scanned": false,
      "clean": true
    },
    "downloadCount": 0,
    "uploadedAt": "2025-10-13T09:50:49.327Z",
    "updatedAt": "2025-10-13T09:50:49.327Z",
    "__v": 0
  },
  {
    "_id": "68eccb9d08f57449aa633483",
    "originalName": "Khoa ICT_HÆ°á»ng dáº«n trÃ¬nh bÃ y bÃ¡o cÃ¡o thá»±c táº­p FN1.docx",
    "storedName": "H3.03.03.28-Quyet dinh phe duyet vi tri viec lam va so nguoi lam viec.docx",
    "filePath": "uploads\\evidences\\H3.03.03.28-Quyet dinh phe duyet vi tri viec lam va so nguoi lam viec.docx",
    "size": 132343,
    "mimeType": "application/vnd.openxmlformats-officedocument.wordprocessingml.document",
    "extension": ".docx",
    "type": "file",
    "evidenceId": "68ecc89e08f57449aa632b1d",
    "uploadedBy": "68d8b25effe9c2eccae088b0",
    "url": "/uploads/evidences/H3.03.03.28-Quyet dinh phe duyet vi tri viec lam va so nguoi lam viec.docx",
    "parentFolder": null,
    "children": [],
    "folderMetadata": {
      "fileCount": 0,
      "totalSize": 0
    },
    "status": "active",
    "virusScanResult": {
      "scanned": false,
      "clean": true
    },
    "downloadCount": 0,
    "uploadedAt": "2025-10-13T09:51:25.838Z",
    "updatedAt": "2025-10-13T09:51:25.838Z",
    "__v": 0
  },
  {
    "_id": "68eccb9d08f57449aa633491",
    "originalName": "Máº«u 04. Nháº­t kÃ½ thá»±c táº­p nghá» nghiá»p.docx",
    "storedName": "H3.03.03.28-Quyet dinh phe duyet vi tri viec lam va so nguoi lam viec.docx",
    "filePath": "uploads\\evidences\\H3.03.03.28-Quyet dinh phe duyet vi tri viec lam va so nguoi lam viec.docx",
    "size": 40731,
    "mimeType": "application/vnd.openxmlformats-officedocument.wordprocessingml.document",
    "extension": ".docx",
    "type": "file",
    "evidenceId": "68ecc89e08f57449aa632b1d",
    "uploadedBy": "68d8b25effe9c2eccae088b0",
    "url": "/uploads/evidences/H3.03.03.28-Quyet dinh phe duyet vi tri viec lam va so nguoi lam viec.docx",
    "parentFolder": null,
    "children": [],
    "folderMetadata": {
      "fileCount": 0,
      "totalSize": 0
    },
    "status": "active",
    "virusScanResult": {
      "scanned": false,
      "clean": true
    },
    "downloadCount": 0,
    "uploadedAt": "2025-10-13T09:51:25.873Z",
    "updatedAt": "2025-10-13T09:51:25.873Z",
    "__v": 0
  },
  {
    "_id": "68eccb9d08f57449aa6334a0",
    "originalName": "Máº«u 06. Phiáº¿u Tá»± ÄÃ¡nh giÃ¡ thá»±c táº­p.docx",
    "storedName": "H3.03.03.28-Quyet dinh phe duyet vi tri viec lam va so nguoi lam viec.docx",
    "filePath": "uploads\\evidences\\H3.03.03.28-Quyet dinh phe duyet vi tri viec lam va so nguoi lam viec.docx",
    "size": 26715,
    "mimeType": "application/vnd.openxmlformats-officedocument.wordprocessingml.document",
    "extension": ".docx",
    "type": "file",
    "evidenceId": "68ecc89e08f57449aa632b1d",
    "uploadedBy": "68d8b25effe9c2eccae088b0",
    "url": "/uploads/evidences/H3.03.03.28-Quyet dinh phe duyet vi tri viec lam va so nguoi lam viec.docx",
    "parentFolder": null,
    "children": [],
    "folderMetadata": {
      "fileCount": 0,
      "totalSize": 0
    },
    "status": "active",
    "virusScanResult": {
      "scanned": false,
      "clean": true
    },
    "downloadCount": 0,
    "uploadedAt": "2025-10-13T09:51:25.912Z",
    "updatedAt": "2025-10-13T09:51:25.912Z",
    "__v": 0
  },
  {
    "_id": "68eccb9d08f57449aa6334b0",
    "originalName": "Máº«u 07. Phiáº¿u cháº¥m Äiá»m cá»§a giáº£ng viÃªn hÆ°á»ng dáº«n.docx",
    "storedName": "H3.03.03.28-Quyet dinh phe duyet vi tri viec lam va so nguoi lam viec.docx",
    "filePath": "uploads\\evidences\\H3.03.03.28-Quyet dinh phe duyet vi tri viec lam va so nguoi lam viec.docx",
    "size": 27716,
    "mimeType": "application/vnd.openxmlformats-officedocument.wordprocessingml.document",
    "extension": ".docx",
    "type": "file",
    "evidenceId": "68ecc89e08f57449aa632b1d",
    "uploadedBy": "68d8b25effe9c2eccae088b0",
    "url": "/uploads/evidences/H3.03.03.28-Quyet dinh phe duyet vi tri viec lam va so nguoi lam viec.docx",
    "parentFolder": null,
    "children": [],
    "folderMetadata": {
      "fileCount": 0,
      "totalSize": 0
    },
    "status": "active",
    "virusScanResult": {
      "scanned": false,
      "clean": true
    },
    "downloadCount": 0,
    "uploadedAt": "2025-10-13T09:51:25.963Z",
    "updatedAt": "2025-10-13T09:51:25.963Z",
    "__v": 0
  },
  {
    "_id": "68eccb9e08f57449aa6334c1",
    "originalName": "Máº«u 08. Phiáº¿u cháº¥m Äiá»m cá»§a ÄÆ¡n vá» thá»±c táº­p.docx",
    "storedName": "H3.03.03.28-Quyet dinh phe duyet vi tri viec lam va so nguoi lam viec.docx",
    "filePath": "uploads\\evidences\\H3.03.03.28-Quyet dinh phe duyet vi tri viec lam va so nguoi lam viec.docx",
    "size": 27432,
    "mimeType": "application/vnd.openxmlformats-officedocument.wordprocessingml.document",
    "extension": ".docx",
    "type": "file",
    "evidenceId": "68ecc89e08f57449aa632b1d",
    "uploadedBy": "68d8b25effe9c2eccae088b0",
    "url": "/uploads/evidences/H3.03.03.28-Quyet dinh phe duyet vi tri viec lam va so nguoi lam viec.docx",
    "parentFolder": null,
    "children": [],
    "folderMetadata": {
      "fileCount": 0,
      "totalSize": 0
    },
    "status": "active",
    "virusScanResult": {
      "scanned": false,
      "clean": true
    },
    "downloadCount": 0,
    "uploadedAt": "2025-10-13T09:51:26.017Z",
    "updatedAt": "2025-10-13T09:51:26.017Z",
    "__v": 0
  },
  {
    "_id": "68eccb9e08f57449aa6334d3",
    "originalName": "TranVietLoc_BIT230242_Káº¿ hoáº¡ch thá»±c táº­p nghá» nghiá»p.docx",
    "storedName": "H3.03.03.28-Quyet dinh phe duyet vi tri viec lam va so nguoi lam viec.docx",
    "filePath": "uploads\\evidences\\H3.03.03.28-Quyet dinh phe duyet vi tri viec lam va so nguoi lam viec.docx",
    "size": 41558,
    "mimeType": "application/vnd.openxmlformats-officedocument.wordprocessingml.document",
    "extension": ".docx",
    "type": "file",
    "evidenceId": "68ecc89e08f57449aa632b1d",
    "uploadedBy": "68d8b25effe9c2eccae088b0",
    "url": "/uploads/evidences/H3.03.03.28-Quyet dinh phe duyet vi tri viec lam va so nguoi lam viec.docx",
    "parentFolder": null,
    "children": [],
    "folderMetadata": {
      "fileCount": 0,
      "totalSize": 0
    },
    "status": "active",
    "virusScanResult": {
      "scanned": false,
      "clean": true
    },
    "downloadCount": 0,
    "uploadedAt": "2025-10-13T09:51:26.071Z",
    "updatedAt": "2025-10-13T09:51:26.071Z",
    "__v": 0
  },
  {
    "_id": "68edc7d81c02af4fa739d0da",
    "originalName": "Khoa ICT_HÆ°á»ng dáº«n trÃ¬nh bÃ y bÃ¡o cÃ¡o thá»±c táº­p FN1.docx",
    "storedName": "H1.01.01.01-Danh gia chat luong chuong trinh dao tao dai hoc.docx",
    "filePath": "uploads\\evidences\\H1.01.01.01-Danh gia chat luong chuong trinh dao tao dai hoc.docx",
    "size": 132343,
    "mimeType": "application/vnd.openxmlformats-officedocument.wordprocessingml.document",
    "extension": ".docx",
    "type": "file",
    "evidenceId": "68edc7c51c02af4fa739cfae",
    "uploadedBy": "68d8b25effe9c2eccae088b0",
    "url": "/uploads/evidences/H1.01.01.01-Danh gia chat luong chuong trinh dao tao dai hoc.docx",
    "parentFolder": null,
    "children": [],
    "folderMetadata": {
      "fileCount": 0,
      "totalSize": 0
    },
    "status": "active",
    "virusScanResult": {
      "scanned": false,
      "clean": true
    },
    "downloadCount": 0,
    "approvedBy": "68d8b25effe9c2eccae088b0",
    "approvalStatus": "approved",
    "approvalDate": "2025-10-14T03:47:36.205Z",
    "uploadedAt": "2025-10-14T03:47:36.206Z",
    "updatedAt": "2025-10-14T03:47:36.206Z",
    "__v": 0
  },
  {
    "_id": "68edcc661c02af4fa739d2fa",
    "originalName": "Máº«u 06. Phiáº¿u Tá»± ÄÃ¡nh giÃ¡ thá»±c táº­p.docx",
    "storedName": "H1.01.01.01-Danh gia chat luong chuong trinh dao tao dai hoc.docx",
    "filePath": "uploads\\evidences\\H1.01.01.01-Danh gia chat luong chuong trinh dao tao dai hoc.docx",
    "size": 26715,
    "mimeType": "application/vnd.openxmlformats-officedocument.wordprocessingml.document",
    "extension": ".docx",
    "type": "file",
    "evidenceId": "68edc7c51c02af4fa739cfae",
    "uploadedBy": "68d8b25effe9c2eccae088b0",
    "url": "/uploads/evidences/H1.01.01.01-Danh gia chat luong chuong trinh dao tao dai hoc.docx",
    "parentFolder": null,
    "children": [],
    "folderMetadata": {
      "fileCount": 0,
      "totalSize": 0
    },
    "status": "active",
    "virusScanResult": {
      "scanned": false,
      "clean": true
    },
    "downloadCount": 0,
    "approvedBy": "68d8b25effe9c2eccae088b0",
    "approvalStatus": "approved",
    "approvalDate": "2025-10-14T04:07:02.158Z",
    "uploadedAt": "2025-10-14T04:07:02.159Z",
    "updatedAt": "2025-10-14T04:07:02.159Z",
    "__v": 0
  },
  {
    "_id": "68edd06f1c02af4fa739d61f",
    "originalName": "template-cay-minh-chung.xlsx",
    "storedName": "H3.03.01.01-Quy che to chuc va hoat dong cua HV, Quy dinh chuc nang cac don vi.xlsx",
    "filePath": "uploads\\evidences\\H3.03.01.01-Quy che to chuc va hoat dong cua HV, Quy dinh chuc nang cac don vi.xlsx",
    "size": 12436,
    "mimeType": "application/vnd.openxmlformats-officedocument.spreadsheetml.sheet",
    "extension": ".xlsx",
    "type": "file",
    "evidenceId": "68edd05e1c02af4fa739d53c",
    "uploadedBy": "68d8b25effe9c2eccae088b0",
    "url": "/uploads/evidences/H3.03.01.01-Quy che to chuc va hoat dong cua HV, Quy dinh chuc nang cac don vi.xlsx",
    "parentFolder": null,
    "children": [],
    "folderMetadata": {
      "fileCount": 0,
      "totalSize": 0
    },
    "status": "active",
    "virusScanResult": {
      "scanned": false,
      "clean": true
    },
    "downloadCount": 0,
    "approvedBy": "68d8b25effe9c2eccae088b0",
    "approvalStatus": "approved",
    "approvalDate": "2025-10-14T04:24:15.890Z",
    "uploadedAt": "2025-10-14T04:24:15.890Z",
    "updatedAt": "2025-10-14T04:24:15.890Z",
    "__v": 0
  },
  {
    "_id": "68edd41a1c02af4fa739d957",
    "originalName": "ver1.xlsx",
    "storedName": "H3.03.03.28-Quyet dinh phe duyet vi tri viec lam va so nguoi lam viec.xlsx",
    "filePath": "uploads\\evidences\\H3.03.03.28-Quyet dinh phe duyet vi tri viec lam va so nguoi lam viec.xlsx",
    "size": 13494,
    "mimeType": "application/vnd.openxmlformats-officedocument.spreadsheetml.sheet",
    "extension": ".xlsx",
    "type": "file",
    "evidenceId": "68edd05e1c02af4fa739d5da",
    "uploadedBy": "68d8b25effe9c2eccae088b0",
    "url": "/uploads/evidences/H3.03.03.28-Quyet dinh phe duyet vi tri viec lam va so nguoi lam viec.xlsx",
    "parentFolder": null,
    "children": [],
    "folderMetadata": {
      "fileCount": 0,
      "totalSize": 0
    },
    "status": "active",
    "virusScanResult": {
      "scanned": false,
      "clean": true
    },
    "downloadCount": 0,
    "approvedBy": "68d8b25effe9c2eccae088b0",
    "approvalStatus": "approved",
    "approvalDate": "2025-10-14T04:39:54.351Z",
    "uploadedAt": "2025-10-14T04:39:54.352Z",
    "updatedAt": "2025-10-14T04:39:54.352Z",
    "__v": 0
  },
  {
    "_id": "68edd6961c02af4fa739dcaa",
    "originalName": "template-cay-minh-chung.xlsx",
    "storedName": "H3.03.03.27-De an vi tri viec lam cua Hoc vien gui Bo NN va PTNT.xlsx",
    "filePath": "uploads\\evidences\\H3.03.03.27-De an vi tri viec lam cua Hoc vien gui Bo NN va PTNT.xlsx",
    "size": 12436,
    "mimeType": "application/vnd.openxmlformats-officedocument.spreadsheetml.sheet",
    "extension": ".xlsx",
    "type": "file",
    "evidenceId": "68edd05e1c02af4fa739d5d7",
    "uploadedBy": "68d8b25effe9c2eccae088b0",
    "url": "/uploads/evidences/H3.03.03.27-De an vi tri viec lam cua Hoc vien gui Bo NN va PTNT.xlsx",
    "parentFolder": null,
    "children": [],
    "folderMetadata": {
      "fileCount": 0,
      "totalSize": 0
    },
    "status": "active",
    "virusScanResult": {
      "scanned": false,
      "clean": true
    },
    "downloadCount": 0,
    "approvedBy": "68d8b25effe9c2eccae088b0",
    "approvalStatus": "approved",
    "approvalDate": "2025-10-14T04:50:30.956Z",
    "uploadedAt": "2025-10-14T04:50:30.957Z",
    "updatedAt": "2025-10-14T04:50:30.957Z",
    "__v": 0
  },
  {
    "_id": "68edd6971c02af4fa739dcb8",
    "originalName": "ver1.xlsx",
    "storedName": "H3.03.03.27-De an vi tri viec lam cua Hoc vien gui Bo NN va PTNT.xlsx",
    "filePath": "uploads\\evidences\\H3.03.03.27-De an vi tri viec lam cua Hoc vien gui Bo NN va PTNT.xlsx",
    "size": 13494,
    "mimeType": "application/vnd.openxmlformats-officedocument.spreadsheetml.sheet",
    "extension": ".xlsx",
    "type": "file",
    "evidenceId": "68edd05e1c02af4fa739d5d7",
    "uploadedBy": "68d8b25effe9c2eccae088b0",
    "url": "/uploads/evidences/H3.03.03.27-De an vi tri viec lam cua Hoc vien gui Bo NN va PTNT.xlsx",
    "parentFolder": null,
    "children": [],
    "folderMetadata": {
      "fileCount": 0,
      "totalSize": 0
    },
    "status": "active",
    "virusScanResult": {
      "scanned": false,
      "clean": true
    },
    "downloadCount": 0,
    "approvedBy": "68d8b25effe9c2eccae088b0",
    "approvalStatus": "approved",
    "approvalDate": "2025-10-14T04:50:31.046Z",
    "uploadedAt": "2025-10-14T04:50:31.048Z",
    "updatedAt": "2025-10-14T04:50:31.048Z",
    "__v": 0
  },
  {
    "_id": "68edd8671c02af4fa739e02f",
    "originalName": "template-cay-minh-chung.xlsx",
    "storedName": "H3.03.03.28-Quyet dinh phe duyet vi tri viec lam va so nguoi lam viec.xlsx",
    "filePath": "uploads\\evidences\\H3.03.03.28-Quyet dinh phe duyet vi tri viec lam va so nguoi lam viec.xlsx",
    "size": 12436,
    "mimeType": "application/vnd.openxmlformats-officedocument.spreadsheetml.sheet",
    "extension": ".xlsx",
    "type": "file",
    "evidenceId": "68edd05e1c02af4fa739d5da",
    "uploadedBy": "68d8b25effe9c2eccae088b0",
    "url": "/uploads/evidences/H3.03.03.28-Quyet dinh phe duyet vi tri viec lam va so nguoi lam viec.xlsx",
    "parentFolder": null,
    "children": [],
    "folderMetadata": {
      "fileCount": 0,
      "totalSize": 0
    },
    "status": "active",
    "virusScanResult": {
      "scanned": false,
      "clean": true
    },
    "downloadCount": 0,
    "approvedBy": "68d8b25effe9c2eccae088b0",
    "approvalStatus": "approved",
    "approvalDate": "2025-10-14T04:58:15.114Z",
    "uploadedAt": "2025-10-14T04:58:15.115Z",
    "updatedAt": "2025-10-14T04:58:15.115Z",
    "__v": 0
  },
  {
    "_id": "68edd8671c02af4fa739e03e",
    "originalName": "ver1.xlsx",
    "storedName": "H3.03.03.28-Quyet dinh phe duyet vi tri viec lam va so nguoi lam viec.xlsx",
    "filePath": "uploads\\evidences\\H3.03.03.28-Quyet dinh phe duyet vi tri viec lam va so nguoi lam viec.xlsx",
    "size": 13494,
    "mimeType": "application/vnd.openxmlformats-officedocument.spreadsheetml.sheet",
    "extension": ".xlsx",
    "type": "file",
    "evidenceId": "68edd05e1c02af4fa739d5da",
    "uploadedBy": "68d8b25effe9c2eccae088b0",
    "url": "/uploads/evidences/H3.03.03.28-Quyet dinh phe duyet vi tri viec lam va so nguoi lam viec.xlsx",
    "parentFolder": null,
    "children": [],
    "folderMetadata": {
      "fileCount": 0,
      "totalSize": 0
    },
    "status": "active",
    "virusScanResult": {
      "scanned": false,
      "clean": true
    },
    "downloadCount": 0,
    "approvedBy": "68d8b25effe9c2eccae088b0",
    "approvalStatus": "approved",
    "approvalDate": "2025-10-14T04:58:15.168Z",
    "uploadedAt": "2025-10-14T04:58:15.169Z",
    "updatedAt": "2025-10-14T04:58:15.169Z",
    "__v": 0
  },
  {
    "_id": "68edefe41c02af4fa739e552",
    "originalName": "Khoa ICT_HÆ°á»ng dáº«n trÃ¬nh bÃ y bÃ¡o cÃ¡o thá»±c táº­p FN1 - Copy.docx",
    "storedName": "H1.01.01.01-Danh gia chat luong chuong trinh dao tao dai hoc.docx",
    "filePath": "uploads\\evidences\\H1.01.01.01-Danh gia chat luong chuong trinh dao tao dai hoc.docx",
    "size": 132343,
    "mimeType": "application/vnd.openxmlformats-officedocument.wordprocessingml.document",
    "extension": ".docx",
    "type": "file",
    "evidenceId": "68edc7c51c02af4fa739cfae",
    "uploadedBy": "68d8b25effe9c2eccae088b0",
    "url": "/uploads/evidences/H1.01.01.01-Danh gia chat luong chuong trinh dao tao dai hoc.docx",
    "parentFolder": null,
    "children": [],
    "folderMetadata": {
      "fileCount": 0,
      "totalSize": 0
    },
    "status": "active",
    "virusScanResult": {
      "scanned": false,
      "clean": true
    },
    "downloadCount": 0,
    "approvedBy": "68d8b25effe9c2eccae088b0",
    "approvalStatus": "approved",
    "approvalDate": "2025-10-14T06:38:28.352Z",
    "uploadedAt": "2025-10-14T06:38:28.354Z",
    "updatedAt": "2025-10-14T06:38:28.354Z",
    "__v": 0
  },
  {
    "_id": "68edefe41c02af4fa739e554",
    "originalName": "Khoa ICT_HÆ°á»ng dáº«n trÃ¬nh bÃ y bÃ¡o cÃ¡o thá»±c táº­p FN1.docx",
    "storedName": "H1.01.01.01-Danh gia chat luong chuong trinh dao tao dai hoc.docx",
    "filePath": "uploads\\evidences\\H1.01.01.01-Danh gia chat luong chuong trinh dao tao dai hoc.docx",
    "size": 132343,
    "mimeType": "application/vnd.openxmlformats-officedocument.wordprocessingml.document",
    "extension": ".docx",
    "type": "file",
    "evidenceId": "68edc7c51c02af4fa739cfae",
    "uploadedBy": "68d8b25effe9c2eccae088b0",
    "url": "/uploads/evidences/H1.01.01.01-Danh gia chat luong chuong trinh dao tao dai hoc.docx",
    "parentFolder": null,
    "children": [],
    "folderMetadata": {
      "fileCount": 0,
      "totalSize": 0
    },
    "status": "active",
    "virusScanResult": {
      "scanned": false,
      "clean": true
    },
    "downloadCount": 0,
    "approvedBy": "68d8b25effe9c2eccae088b0",
    "approvalStatus": "approved",
    "approvalDate": "2025-10-14T06:38:28.363Z",
    "uploadedAt": "2025-10-14T06:38:28.363Z",
    "updatedAt": "2025-10-14T06:38:28.363Z",
    "__v": 0
  },
  {
    "_id": "68edefe41c02af4fa739e556",
    "originalName": "Máº«u 04. Nháº­t kÃ½ thá»±c táº­p nghá» nghiá»p.docx",
    "storedName": "H1.01.01.01-Danh gia chat luong chuong trinh dao tao dai hoc.docx",
    "filePath": "uploads\\evidences\\H1.01.01.01-Danh gia chat luong chuong trinh dao tao dai hoc.docx",
    "size": 40731,
    "mimeType": "application/vnd.openxmlformats-officedocument.wordprocessingml.document",
    "extension": ".docx",
    "type": "file",
    "evidenceId": "68edc7c51c02af4fa739cfae",
    "uploadedBy": "68d8b25effe9c2eccae088b0",
    "url": "/uploads/evidences/H1.01.01.01-Danh gia chat luong chuong trinh dao tao dai hoc.docx",
    "parentFolder": null,
    "children": [],
    "folderMetadata": {
      "fileCount": 0,
      "totalSize": 0
    },
    "status": "active",
    "virusScanResult": {
      "scanned": false,
      "clean": true
    },
    "downloadCount": 0,
    "approvedBy": "68d8b25effe9c2eccae088b0",
    "approvalStatus": "approved",
    "approvalDate": "2025-10-14T06:38:28.366Z",
    "uploadedAt": "2025-10-14T06:38:28.367Z",
    "updatedAt": "2025-10-14T06:38:28.367Z",
    "__v": 0
  },
  {
    "_id": "68edefe41c02af4fa739e558",
    "originalName": "Máº«u 06. Phiáº¿u Tá»± ÄÃ¡nh giÃ¡ thá»±c táº­p.docx",
    "storedName": "H1.01.01.01-Danh gia chat luong chuong trinh dao tao dai hoc.docx",
    "filePath": "uploads\\evidences\\H1.01.01.01-Danh gia chat luong chuong trinh dao tao dai hoc.docx",
    "size": 26715,
    "mimeType": "application/vnd.openxmlformats-officedocument.wordprocessingml.document",
    "extension": ".docx",
    "type": "file",
    "evidenceId": "68edc7c51c02af4fa739cfae",
    "uploadedBy": "68d8b25effe9c2eccae088b0",
    "url": "/uploads/evidences/H1.01.01.01-Danh gia chat luong chuong trinh dao tao dai hoc.docx",
    "parentFolder": null,
    "children": [],
    "folderMetadata": {
      "fileCount": 0,
      "totalSize": 0
    },
    "status": "active",
    "virusScanResult": {
      "scanned": false,
      "clean": true
    },
    "downloadCount": 0,
    "approvedBy": "68d8b25effe9c2eccae088b0",
    "approvalStatus": "approved",
    "approvalDate": "2025-10-14T06:38:28.369Z",
    "uploadedAt": "2025-10-14T06:38:28.370Z",
    "updatedAt": "2025-10-14T06:38:28.370Z",
    "__v": 0
  },
  {
    "_id": "68edefe41c02af4fa739e55a",
    "originalName": "Máº«u 07. Phiáº¿u cháº¥m Äiá»m cá»§a giáº£ng viÃªn hÆ°á»ng dáº«n.docx",
    "storedName": "H1.01.01.01-Danh gia chat luong chuong trinh dao tao dai hoc.docx",
    "filePath": "uploads\\evidences\\H1.01.01.01-Danh gia chat luong chuong trinh dao tao dai hoc.docx",
    "size": 27716,
    "mimeType": "application/vnd.openxmlformats-officedocument.wordprocessingml.document",
    "extension": ".docx",
    "type": "file",
    "evidenceId": "68edc7c51c02af4fa739cfae",
    "uploadedBy": "68d8b25effe9c2eccae088b0",
    "url": "/uploads/evidences/H1.01.01.01-Danh gia chat luong chuong trinh dao tao dai hoc.docx",
    "parentFolder": null,
    "children": [],
    "folderMetadata": {
      "fileCount": 0,
      "totalSize": 0
    },
    "status": "active",
    "virusScanResult": {
      "scanned": false,
      "clean": true
    },
    "downloadCount": 0,
    "approvedBy": "68d8b25effe9c2eccae088b0",
    "approvalStatus": "approved",
    "approvalDate": "2025-10-14T06:38:28.374Z",
    "uploadedAt": "2025-10-14T06:38:28.374Z",
    "updatedAt": "2025-10-14T06:38:28.374Z",
    "__v": 0
  },
  {
    "_id": "68edefe41c02af4fa739e55c",
    "originalName": "Máº«u 08. Phiáº¿u cháº¥m Äiá»m cá»§a ÄÆ¡n vá» thá»±c táº­p.docx",
    "storedName": "H1.01.01.01-Danh gia chat luong chuong trinh dao tao dai hoc.docx",
    "filePath": "uploads\\evidences\\H1.01.01.01-Danh gia chat luong chuong trinh dao tao dai hoc.docx",
    "size": 27432,
    "mimeType": "application/vnd.openxmlformats-officedocument.wordprocessingml.document",
    "extension": ".docx",
    "type": "file",
    "evidenceId": "68edc7c51c02af4fa739cfae",
    "uploadedBy": "68d8b25effe9c2eccae088b0",
    "url": "/uploads/evidences/H1.01.01.01-Danh gia chat luong chuong trinh dao tao dai hoc.docx",
    "parentFolder": null,
    "children": [],
    "folderMetadata": {
      "fileCount": 0,
      "totalSize": 0
    },
    "status": "active",
    "virusScanResult": {
      "scanned": false,
      "clean": true
    },
    "downloadCount": 0,
    "approvedBy": "68d8b25effe9c2eccae088b0",
    "approvalStatus": "approved",
    "approvalDate": "2025-10-14T06:38:28.378Z",
    "uploadedAt": "2025-10-14T06:38:28.378Z",
    "updatedAt": "2025-10-14T06:38:28.378Z",
    "__v": 0
  },
  {
    "_id": "68edf18a1c02af4fa739e935",
    "originalName": "Máº«u 04. Nháº­t kÃ½ thá»±c táº­p nghá» nghiá»p.docx",
    "storedName": "H1.01.01.01-Danh gia chat luong chuong trinh dao tao dai hoc.docx",
    "filePath": "uploads\\evidences\\H1.01.01.01-Danh gia chat luong chuong trinh dao tao dai hoc.docx",
    "size": 40731,
    "mimeType": "application/vnd.openxmlformats-officedocument.wordprocessingml.document",
    "extension": ".docx",
    "type": "file",
    "evidenceId": "68edc7c51c02af4fa739cfae",
    "uploadedBy": "68d8b25effe9c2eccae088b2",
    "url": "/uploads/evidences/H1.01.01.01-Danh gia chat luong chuong trinh dao tao dai hoc.docx",
    "parentFolder": null,
    "children": [],
    "folderMetadata": {
      "fileCount": 0,
      "totalSize": 0
    },
    "status": "active",
    "virusScanResult": {
      "scanned": false,
      "clean": true
    },
    "downloadCount": 0,
    "approvedBy": "68d8b25effe9c2eccae088b0",
    "approvalStatus": "approved",
    "approvalDate": "2025-10-14T07:22:12.093Z",
    "uploadedAt": "2025-10-14T06:45:30.599Z",
    "updatedAt": "2025-10-14T07:22:12.095Z",
    "__v": 0
  },
  {
    "_id": "68edf1971c02af4fa739e97e",
    "originalName": "Máº«u 04. Nháº­t kÃ½ thá»±c táº­p nghá» nghiá»p.docx",
    "storedName": "H3.03.01.01-Quy che to chuc va hoat dong cua HV, Quy dinh chuc nang cac don vi.docx",
    "filePath": "uploads\\evidences\\H3.03.01.01-Quy che to chuc va hoat dong cua HV, Quy dinh chuc nang cac don vi.docx",
    "size": 40731,
    "mimeType": "application/vnd.openxmlformats-officedocument.wordprocessingml.document",
    "extension": ".docx",
    "type": "file",
    "evidenceId": "68edd05e1c02af4fa739d53c",
    "uploadedBy": "68d8b25effe9c2eccae088b2",
    "url": "/uploads/evidences/H3.03.01.01-Quy che to chuc va hoat dong cua HV, Quy dinh chuc nang cac don vi.docx",
    "parentFolder": null,
    "children": [],
    "folderMetadata": {
      "fileCount": 0,
      "totalSize": 0
    },
    "status": "active",
    "virusScanResult": {
      "scanned": false,
      "clean": true
    },
    "downloadCount": 0,
    "approvedBy": "68d8b25effe9c2eccae088b0",
    "approvalStatus": "approved",
    "approvalDate": "2025-10-14T07:24:21.889Z",
    "uploadedAt": "2025-10-14T06:45:43.882Z",
    "updatedAt": "2025-10-14T07:24:21.891Z",
    "__v": 0
  },
  {
    "_id": "68edf1fd1c02af4fa739ed89",
    "originalName": "Máº«u 07. Phiáº¿u cháº¥m Äiá»m cá»§a giáº£ng viÃªn hÆ°á»ng dáº«n.docx",
    "storedName": "H1.01.01.01-Danh gia chat luong chuong trinh dao tao dai hoc.docx",
    "filePath": "uploads\\evidences\\H1.01.01.01-Danh gia chat luong chuong trinh dao tao dai hoc.docx",
    "size": 27716,
    "mimeType": "application/vnd.openxmlformats-officedocument.wordprocessingml.document",
    "extension": ".docx",
    "type": "file",
    "evidenceId": "68edc7c51c02af4fa739cfae",
    "uploadedBy": "68d8b25effe9c2eccae088b3",
    "url": "/uploads/evidences/H1.01.01.01-Danh gia chat luong chuong trinh dao tao dai hoc.docx",
    "parentFolder": null,
    "children": [],
    "folderMetadata": {
      "fileCount": 0,
      "totalSize": 0
    },
    "status": "active",
    "virusScanResult": {
      "scanned": false,
      "clean": true
    },
    "downloadCount": 0,
    "approvedBy": "68d8b25effe9c2eccae088b0",
    "approvalStatus": "approved",
    "approvalDate": "2025-10-14T07:22:23.989Z",
    "uploadedAt": "2025-10-14T06:47:25.719Z",
    "updatedAt": "2025-10-14T07:22:23.990Z",
    "__v": 0
  },
  {
    "_id": "68edf9bf1cd8fbbd49882cd3",
    "originalName": "Máº«u 04. Nháº­t kÃ½ thá»±c táº­p nghá» nghiá»p.docx",
    "storedName": "H1.01.01.01-Danh gia chat luong chuong trinh dao tao dai hoc.docx",
    "filePath": "uploads\\evidences\\H1.01.01.01-Danh gia chat luong chuong trinh dao tao dai hoc.docx",
    "size": 40731,
    "mimeType": "application/vnd.openxmlformats-officedocument.wordprocessingml.document",
    "extension": ".docx",
    "type": "file",
    "evidenceId": "68edc7c51c02af4fa739cfae",
    "uploadedBy": "68d8b25effe9c2eccae088b1",
    "url": "/uploads/evidences/H1.01.01.01-Danh gia chat luong chuong trinh dao tao dai hoc.docx",
    "parentFolder": null,
    "children": [],
    "folderMetadata": {
      "fileCount": 0,
      "totalSize": 0
    },
    "status": "active",
    "virusScanResult": {
      "scanned": false,
      "clean": true
    },
    "downloadCount": 0,
    "approvedBy": "68d8b25effe9c2eccae088b0",
    "approvalStatus": "approved",
    "approvalDate": "2025-10-14T07:22:27.949Z",
    "uploadedAt": "2025-10-14T07:20:31.629Z",
    "updatedAt": "2025-10-14T07:22:27.950Z",
    "__v": 0
  },
  {
    "_id": "68edfd755b388e835096bc2e",
    "originalName": "Khoa ICT_HÆ°á»ng dáº«n trÃ¬nh bÃ y bÃ¡o cÃ¡o thá»±c táº­p FN1 - Copy.docx",
    "storedName": "H3.03.01.01-Quy che to chuc va hoat dong cua HV, Quy dinh chuc nang cac don vi.docx",
    "filePath": "uploads\\evidences\\H3.03.01.01-Quy che to chuc va hoat dong cua HV, Quy dinh chuc nang cac don vi.docx",
    "size": 132343,
    "mimeType": "application/vnd.openxmlformats-officedocument.wordprocessingml.document",
    "extension": ".docx",
    "type": "file",
    "evidenceId": "68edd05e1c02af4fa739d53c",
    "uploadedBy": "68d8b25effe9c2eccae088b1",
    "url": "/uploads/evidences/H3.03.01.01-Quy che to chuc va hoat dong cua HV, Quy dinh chuc nang cac don vi.docx",
    "parentFolder": null,
    "children": [],
    "folderMetadata": {
      "fileCount": 0,
      "totalSize": 0
    },
    "status": "active",
    "virusScanResult": {
      "scanned": false,
      "clean": true
    },
    "downloadCount": 0,
    "approvedBy": "68d8b25effe9c2eccae088b0",
    "approvalStatus": "rejected",
    "approvalDate": "2025-10-14T07:38:47.881Z",
    "uploadedAt": "2025-10-14T07:36:21.328Z",
    "updatedAt": "2025-10-14T07:38:47.883Z",
    "__v": 0,
    "rejectionReason": "không thích"
  },
  {
    "_id": "68edfd755b388e835096bc30",
    "originalName": "Khoa ICT_HÆ°á»ng dáº«n trÃ¬nh bÃ y bÃ¡o cÃ¡o thá»±c táº­p FN1.docx",
    "storedName": "H3.03.01.01-Quy che to chuc va hoat dong cua HV, Quy dinh chuc nang cac don vi.docx",
    "filePath": "uploads\\evidences\\H3.03.01.01-Quy che to chuc va hoat dong cua HV, Quy dinh chuc nang cac don vi.docx",
    "size": 132343,
    "mimeType": "application/vnd.openxmlformats-officedocument.wordprocessingml.document",
    "extension": ".docx",
    "type": "file",
    "evidenceId": "68edd05e1c02af4fa739d53c",
    "uploadedBy": "68d8b25effe9c2eccae088b1",
    "url": "/uploads/evidences/H3.03.01.01-Quy che to chuc va hoat dong cua HV, Quy dinh chuc nang cac don vi.docx",
    "parentFolder": null,
    "children": [],
    "folderMetadata": {
      "fileCount": 0,
      "totalSize": 0
    },
    "status": "active",
    "virusScanResult": {
      "scanned": false,
      "clean": true
    },
    "downloadCount": 0,
    "approvedBy": "68d8b25effe9c2eccae088b0",
    "approvalStatus": "approved",
    "approvalDate": "2025-10-14T07:38:41.082Z",
    "uploadedAt": "2025-10-14T07:36:21.336Z",
    "updatedAt": "2025-10-14T07:38:41.082Z",
    "__v": 0
  },
  {
    "_id": "68edfd755b388e835096bc32",
    "originalName": "Máº«u 04. Nháº­t kÃ½ thá»±c táº­p nghá» nghiá»p.docx",
    "storedName": "H3.03.01.01-Quy che to chuc va hoat dong cua HV, Quy dinh chuc nang cac don vi.docx",
    "filePath": "uploads\\evidences\\H3.03.01.01-Quy che to chuc va hoat dong cua HV, Quy dinh chuc nang cac don vi.docx",
    "size": 40731,
    "mimeType": "application/vnd.openxmlformats-officedocument.wordprocessingml.document",
    "extension": ".docx",
    "type": "file",
    "evidenceId": "68edd05e1c02af4fa739d53c",
    "uploadedBy": "68d8b25effe9c2eccae088b1",
    "url": "/uploads/evidences/H3.03.01.01-Quy che to chuc va hoat dong cua HV, Quy dinh chuc nang cac don vi.docx",
    "parentFolder": null,
    "children": [],
    "folderMetadata": {
      "fileCount": 0,
      "totalSize": 0
    },
    "status": "active",
    "virusScanResult": {
      "scanned": false,
      "clean": true
    },
    "downloadCount": 0,
    "approvedBy": "68d8b25effe9c2eccae088b0",
    "approvalStatus": "approved",
    "approvalDate": "2025-10-14T07:38:30.672Z",
    "uploadedAt": "2025-10-14T07:36:21.340Z",
    "updatedAt": "2025-10-14T07:38:30.673Z",
    "__v": 0
  },
  {
    "_id": "68edfd755b388e835096bc34",
    "originalName": "Máº«u 06. Phiáº¿u Tá»± ÄÃ¡nh giÃ¡ thá»±c táº­p.docx",
    "storedName": "H3.03.01.01-Quy che to chuc va hoat dong cua HV, Quy dinh chuc nang cac don vi.docx",
    "filePath": "uploads\\evidences\\H3.03.01.01-Quy che to chuc va hoat dong cua HV, Quy dinh chuc nang cac don vi.docx",
    "size": 26715,
    "mimeType": "application/vnd.openxmlformats-officedocument.wordprocessingml.document",
    "extension": ".docx",
    "type": "file",
    "evidenceId": "68edd05e1c02af4fa739d53c",
    "uploadedBy": "68d8b25effe9c2eccae088b1",
    "url": "/uploads/evidences/H3.03.01.01-Quy che to chuc va hoat dong cua HV, Quy dinh chuc nang cac don vi.docx",
    "parentFolder": null,
    "children": [],
    "folderMetadata": {
      "fileCount": 0,
      "totalSize": 0
    },
    "status": "active",
    "virusScanResult": {
      "scanned": false,
      "clean": true
    },
    "downloadCount": 0,
    "approvedBy": "68d8b25effe9c2eccae088b0",
    "approvalStatus": "rejected",
    "approvalDate": "2025-10-14T07:38:57.146Z",
    "uploadedAt": "2025-10-14T07:36:21.343Z",
    "updatedAt": "2025-10-14T07:38:57.147Z",
    "__v": 0,
    "rejectionReason": "làm lại"
  },
  {
    "_id": "68edfd755b388e835096bc36",
    "originalName": "Máº«u 07. Phiáº¿u cháº¥m Äiá»m cá»§a giáº£ng viÃªn hÆ°á»ng dáº«n.docx",
    "storedName": "H3.03.01.01-Quy che to chuc va hoat dong cua HV, Quy dinh chuc nang cac don vi.docx",
    "filePath": "uploads\\evidences\\H3.03.01.01-Quy che to chuc va hoat dong cua HV, Quy dinh chuc nang cac don vi.docx",
    "size": 27716,
    "mimeType": "application/vnd.openxmlformats-officedocument.wordprocessingml.document",
    "extension": ".docx",
    "type": "file",
    "evidenceId": "68edd05e1c02af4fa739d53c",
    "uploadedBy": "68d8b25effe9c2eccae088b1",
    "url": "/uploads/evidences/H3.03.01.01-Quy che to chuc va hoat dong cua HV, Quy dinh chuc nang cac don vi.docx",
    "parentFolder": null,
    "children": [],
    "folderMetadata": {
      "fileCount": 0,
      "totalSize": 0
    },
    "status": "active",
    "virusScanResult": {
      "scanned": false,
      "clean": true
    },
    "downloadCount": 0,
    "approvedBy": "68d8b25effe9c2eccae088b0",
    "approvalStatus": "approved",
    "approvalDate": "2025-10-14T07:39:00.013Z",
    "uploadedAt": "2025-10-14T07:36:21.348Z",
    "updatedAt": "2025-10-14T07:39:00.016Z",
    "__v": 0
  },
  {
    "_id": "68edfd755b388e835096bc38",
    "originalName": "Máº«u 08. Phiáº¿u cháº¥m Äiá»m cá»§a ÄÆ¡n vá» thá»±c táº­p.docx",
    "storedName": "H3.03.01.01-Quy che to chuc va hoat dong cua HV, Quy dinh chuc nang cac don vi.docx",
    "filePath": "uploads\\evidences\\H3.03.01.01-Quy che to chuc va hoat dong cua HV, Quy dinh chuc nang cac don vi.docx",
    "size": 27432,
    "mimeType": "application/vnd.openxmlformats-officedocument.wordprocessingml.document",
    "extension": ".docx",
    "type": "file",
    "evidenceId": "68edd05e1c02af4fa739d53c",
    "uploadedBy": "68d8b25effe9c2eccae088b1",
    "url": "/uploads/evidences/H3.03.01.01-Quy che to chuc va hoat dong cua HV, Quy dinh chuc nang cac don vi.docx",
    "parentFolder": null,
    "children": [],
    "folderMetadata": {
      "fileCount": 0,
      "totalSize": 0
    },
    "status": "active",
    "virusScanResult": {
      "scanned": false,
      "clean": true
    },
    "downloadCount": 0,
    "approvedBy": "68d8b25effe9c2eccae088b0",
    "approvalStatus": "approved",
    "approvalDate": "2025-10-14T07:39:11.792Z",
    "uploadedAt": "2025-10-14T07:36:21.356Z",
    "updatedAt": "2025-10-14T07:39:11.794Z",
    "__v": 0
  },
  {
    "_id": "68edfd755b388e835096bc3a",
    "originalName": "TranVietLoc_BIT230242_Káº¿ hoáº¡ch thá»±c táº­p nghá» nghiá»p.docx",
    "storedName": "H3.03.01.01-Quy che to chuc va hoat dong cua HV, Quy dinh chuc nang cac don vi.docx",
    "filePath": "uploads\\evidences\\H3.03.01.01-Quy che to chuc va hoat dong cua HV, Quy dinh chuc nang cac don vi.docx",
    "size": 41558,
    "mimeType": "application/vnd.openxmlformats-officedocument.wordprocessingml.document",
    "extension": ".docx",
    "type": "file",
    "evidenceId": "68edd05e1c02af4fa739d53c",
    "uploadedBy": "68d8b25effe9c2eccae088b1",
    "url": "/uploads/evidences/H3.03.01.01-Quy che to chuc va hoat dong cua HV, Quy dinh chuc nang cac don vi.docx",
    "parentFolder": null,
    "children": [],
    "folderMetadata": {
      "fileCount": 0,
      "totalSize": 0
    },
    "status": "active",
    "virusScanResult": {
      "scanned": false,
      "clean": true
    },
    "downloadCount": 0,
    "approvedBy": null,
    "approvalStatus": "pending",
    "approvalDate": null,
    "uploadedAt": "2025-10-14T07:36:21.360Z",
    "updatedAt": "2025-10-14T07:36:21.360Z",
    "__v": 0
  },
  {
    "_id": "68edfe8f7d57e9c1e5582e25",
    "originalName": "Khoa ICT_HÆ°á»ng dáº«n trÃ¬nh bÃ y bÃ¡o cÃ¡o thá»±c táº­p FN1 - Copy.docx",
    "storedName": "H3.03.01.01-Quy che to chuc va hoat dong cua HV, Quy dinh chuc nang cac don vi.docx",
    "filePath": "uploads\\evidences\\H3.03.01.01-Quy che to chuc va hoat dong cua HV, Quy dinh chuc nang cac don vi.docx",
    "size": 132343,
    "mimeType": "application/vnd.openxmlformats-officedocument.wordprocessingml.document",
    "extension": ".docx",
    "type": "file",
    "evidenceId": "68edd05e1c02af4fa739d53c",
    "uploadedBy": "68d8b25effe9c2eccae088b0",
    "url": "/uploads/evidences/H3.03.01.01-Quy che to chuc va hoat dong cua HV, Quy dinh chuc nang cac don vi.docx",
    "parentFolder": null,
    "children": [],
    "folderMetadata": {
      "fileCount": 0,
      "totalSize": 0
    },
    "status": "active",
    "virusScanResult": {
      "scanned": false,
      "clean": true
    },
    "downloadCount": 0,
    "approvedBy": "68d8b25effe9c2eccae088b0",
    "approvalStatus": "approved",
    "approvalDate": "2025-10-14T07:41:03.844Z",
    "uploadedAt": "2025-10-14T07:41:03.847Z",
    "updatedAt": "2025-10-14T07:41:03.847Z",
    "__v": 0
  },
  {
    "_id": "68edfea07d57e9c1e5582eb3",
    "originalName": "Khoa ICT_HÆ°á»ng dáº«n trÃ¬nh bÃ y bÃ¡o cÃ¡o thá»±c táº­p FN1 - Copy.docx",
    "storedName": "H3.03.01.01-Quy che to chuc va hoat dong cua HV, Quy dinh chuc nang cac don vi.docx",
    "filePath": "uploads\\evidences\\H3.03.01.01-Quy che to chuc va hoat dong cua HV, Quy dinh chuc nang cac don vi.docx",
    "size": 132343,
    "mimeType": "application/vnd.openxmlformats-officedocument.wordprocessingml.document",
    "extension": ".docx",
    "type": "file",
    "evidenceId": "68edd05e1c02af4fa739d53c",
    "uploadedBy": "68d8b25effe9c2eccae088b0",
    "url": "/uploads/evidences/H3.03.01.01-Quy che to chuc va hoat dong cua HV, Quy dinh chuc nang cac don vi.docx",
    "parentFolder": null,
    "children": [],
    "folderMetadata": {
      "fileCount": 0,
      "totalSize": 0
    },
    "status": "active",
    "virusScanResult": {
      "scanned": false,
      "clean": true
    },
    "downloadCount": 0,
    "approvedBy": "68d8b25effe9c2eccae088b0",
    "approvalStatus": "approved",
    "approvalDate": "2025-10-14T07:41:20.508Z",
    "uploadedAt": "2025-10-14T07:41:20.509Z",
    "updatedAt": "2025-10-14T07:41:20.510Z",
    "__v": 0
  },
  {
    "_id": "68edfeb87d57e9c1e5582ef9",
    "originalName": "TranVietLoc_BIT230242_Káº¿ hoáº¡ch thá»±c táº­p nghá» nghiá»p.docx",
    "storedName": "H3.03.01.01-Quy che to chuc va hoat dong cua HV, Quy dinh chuc nang cac don vi.docx",
    "filePath": "uploads\\evidences\\H3.03.01.01-Quy che to chuc va hoat dong cua HV, Quy dinh chuc nang cac don vi.docx",
    "size": 41558,
    "mimeType": "application/vnd.openxmlformats-officedocument.wordprocessingml.document",
    "extension": ".docx",
    "type": "file",
    "evidenceId": "68edd05e1c02af4fa739d53c",
    "uploadedBy": "68d8b25effe9c2eccae088b1",
    "url": "/uploads/evidences/H3.03.01.01-Quy che to chuc va hoat dong cua HV, Quy dinh chuc nang cac don vi.docx",
    "parentFolder": null,
    "children": [],
    "folderMetadata": {
      "fileCount": 0,
      "totalSize": 0
    },
    "status": "active",
    "virusScanResult": {
      "scanned": false,
      "clean": true
    },
    "downloadCount": 0,
    "approvedBy": null,
    "approvalStatus": "pending",
    "approvalDate": null,
    "uploadedAt": "2025-10-14T07:41:44.317Z",
    "updatedAt": "2025-10-14T07:41:44.317Z",
    "__v": 0
  },
  {
    "_id": "68ee009619a2d2630f987a01",
    "originalName": "Máº«u 04. Nháº­t kÃ½ thá»±c táº­p nghá» nghiá»p.docx",
    "storedName": "H1.01.01.01-Danh gia chat luong chuong trinh dao tao dai hoc.docx",
    "filePath": "uploads\\evidences\\H1.01.01.01-Danh gia chat luong chuong trinh dao tao dai hoc.docx",
    "size": 40731,
    "mimeType": "application/vnd.openxmlformats-officedocument.wordprocessingml.document",
    "extension": ".docx",
    "type": "file",
    "evidenceId": "68edc7c51c02af4fa739cfae",
    "uploadedBy": "68d8b25effe9c2eccae088b1",
    "url": "/uploads/evidences/H1.01.01.01-Danh gia chat luong chuong trinh dao tao dai hoc.docx",
    "parentFolder": null,
    "children": [],
    "folderMetadata": {
      "fileCount": 0,
      "totalSize": 0
    },
    "status": "active",
    "virusScanResult": {
      "scanned": false,
      "clean": true
    },
    "downloadCount": 0,
    "approvedBy": null,
    "approvalStatus": "pending",
    "approvalDate": null,
    "uploadedAt": "2025-10-14T07:49:42.729Z",
    "updatedAt": "2025-10-14T07:49:42.729Z",
    "__v": 0
  },
  {
    "_id": "68ee00e619a2d2630f987d49",
    "originalName": "Khoa ICT_HÆ°á»ng dáº«n trÃ¬nh bÃ y bÃ¡o cÃ¡o thá»±c táº­p FN1 - Copy.docx",
    "storedName": "H3.03.03.27-De an vi tri viec lam cua Hoc vien gui Bo NN va PTNT.docx",
    "filePath": "uploads\\evidences\\H3.03.03.27-De an vi tri viec lam cua Hoc vien gui Bo NN va PTNT.docx",
    "size": 132343,
    "mimeType": "application/vnd.openxmlformats-officedocument.wordprocessingml.document",
    "extension": ".docx",
    "type": "file",
    "evidenceId": "68edd05e1c02af4fa739d5d7",
    "uploadedBy": "68d8b25effe9c2eccae088b0",
    "url": "/uploads/evidences/H3.03.03.27-De an vi tri viec lam cua Hoc vien gui Bo NN va PTNT.docx",
    "parentFolder": null,
    "children": [],
    "folderMetadata": {
      "fileCount": 0,
      "totalSize": 0
    },
    "status": "active",
    "virusScanResult": {
      "scanned": false,
      "clean": true
    },
    "downloadCount": 0,
    "approvedBy": "68d8b25effe9c2eccae088b0",
    "approvalStatus": "approved",
    "approvalDate": "2025-10-14T07:51:02.479Z",
    "uploadedAt": "2025-10-14T07:51:02.480Z",
    "updatedAt": "2025-10-14T07:51:02.480Z",
    "__v": 0
  },
  {
    "_id": "68ee00f519a2d2630f987e56",
    "originalName": "Máº«u 06. Phiáº¿u Tá»± ÄÃ¡nh giÃ¡ thá»±c táº­p.docx",
    "storedName": "H3.03.03.26-Cong van xay dung vi tri viec lam.docx",
    "filePath": "uploads\\evidences\\H3.03.03.26-Cong van xay dung vi tri viec lam.docx",
    "size": 26715,
    "mimeType": "application/vnd.openxmlformats-officedocument.wordprocessingml.document",
    "extension": ".docx",
    "type": "file",
    "evidenceId": "68edd05e1c02af4fa739d5d4",
    "uploadedBy": "68d8b25effe9c2eccae088b0",
    "url": "/uploads/evidences/H3.03.03.26-Cong van xay dung vi tri viec lam.docx",
    "parentFolder": null,
    "children": [],
    "folderMetadata": {
      "fileCount": 0,
      "totalSize": 0
    },
    "status": "active",
    "virusScanResult": {
      "scanned": false,
      "clean": true
    },
    "downloadCount": 0,
    "approvedBy": "68d8b25effe9c2eccae088b0",
    "approvalStatus": "approved",
    "approvalDate": "2025-10-14T07:51:17.201Z",
    "uploadedAt": "2025-10-14T07:51:17.203Z",
    "updatedAt": "2025-10-14T07:51:17.203Z",
    "__v": 0
  }
]