[
  {
    "_id": "68f1fe94a7c8ecb70bc55ed3",
    "recipientId": "68ebc18d771e0df31e980506",
    "senderId": "68d8b25effe9c2eccae088b1",
    "type": "assignment_new",
    "title": "Phân quyền đánh giá mới",
    "message": "Bạn được phân quyền đánh giá báo cáo: 04-QĐ/BCĐTW",
    "data": {
      "reportId": "68f1f9c3a7c8ecb70bc5590c",
      "assignmentId": "68f1fe94a7c8ecb70bc55ece",
      "url": "/reports/assignments/68f1fe94a7c8ecb70bc55ece"
    },
    "priority": "normal",
    "status": "sent",
    "channels": {
      "inApp": true,
      "email": false,
      "sms": false
    },
    "createdAt": "2025-10-17T08:30:12.896Z",
    "updatedAt": "2025-10-17T08:30:12.896Z",
    "expiresAt": "2025-11-16T08:30:12.898Z",
    "__v": 0
  },
  {
    "_id": "68f1fe94a7c8ecb70bc55ee4",
    "recipientId": "68d8b25effe9c2eccae088b2",
    "senderId": "68d8b25effe9c2eccae088b1",
    "type": "assignment_new",
    "title": "Phân quyền đánh giá mới",
    "message": "Bạn được phân quyền đánh giá báo cáo: 04-QĐ/BCĐTW",
    "data": {
      "reportId": "68f1f9c3a7c8ecb70bc5590c",
      "assignmentId": "68f1fe94a7c8ecb70bc55edf",
      "url": "/reports/assignments/68f1fe94a7c8ecb70bc55edf"
    },
    "priority": "normal",
    "status": "sent",
    "channels": {
      "inApp": true,
      "email": false,
      "sms": false
    },
    "createdAt": "2025-10-17T08:30:12.936Z",
    "updatedAt": "2025-10-17T08:30:12.936Z",
    "expiresAt": "2025-11-16T08:30:12.937Z",
    "__v": 0
  },
  {
    "_id": "68f20553765f939c3ecec89c",
    "recipientId": "68dcf5de99a947aefc999740",
    "senderId": "68d8b25effe9c2eccae088b1",
    "type": "assignment_new",
    "title": "Phân quyền đánh giá mới",
    "message": "Bạn được phân quyền đánh giá báo cáo: 04-QĐ/BCĐTW",
    "data": {
      "reportId": "68f1f9c3a7c8ecb70bc5590c",
      "assignmentId": "68f20553765f939c3ecec897",
      "url": "/reports/assignments/68f20553765f939c3ecec897"
    },
    "priority": "normal",
    "status": "sent",
    "channels": {
      "inApp": true,
      "email": false,
      "sms": false
    },
    "createdAt": "2025-10-17T08:58:59.118Z",
    "updatedAt": "2025-10-17T08:58:59.118Z",
    "expiresAt": "2025-11-16T08:58:59.119Z",
    "__v": 0
  },
  {
    "_id": "68f4ed94adb2f87b2a8d5edc",
    "recipientId": "68ebc18d771e0df31e980506",
    "senderId": "68d8b25effe9c2eccae088b1",
    "type": "assignment_new",
    "title": "Phân quyền đánh giá mới",
    "message": "Bạn được phân quyền đánh giá báo cáo: Tạo báo cáo phân tích tiêu chuẩn/tiêu chí",
    "data": {
      "reportId": "68f4ed74adb2f87b2a8d5dc1",
      "assignmentId": "68f4ed94adb2f87b2a8d5ed7",
      "url": "/reports/assignments/68f4ed94adb2f87b2a8d5ed7"
    },
    "priority": "normal",
    "status": "sent",
    "channels": {
      "inApp": true,
      "email": false,
      "sms": false
    },
    "createdAt": "2025-10-19T13:54:28.564Z",
    "updatedAt": "2025-10-19T13:54:28.564Z",
    "expiresAt": "2025-11-18T13:54:28.567Z",
    "__v": 0
  },
  {
    "_id": "68f5da7364af5f2d25f1edcf",
    "recipientId": "68d8b25effe9c2eccae088b2",
    "senderId": "68d8b25effe9c2eccae088b1",
    "type": "assignment_new",
    "title": "Phân quyền đánh giá mới",
    "message": "Bạn được phân quyền đánh giá báo cáo: 05-TB/BCĐTW",
    "data": {
      "reportId": "68f1f8dd7bdbb25c68a2fe05",
      "assignmentId": "68f5da7364af5f2d25f1edca",
      "url": "/reports/assignments/68f5da7364af5f2d25f1edca"
    },
    "priority": "normal",
    "status": "read",
    "channels": {
      "inApp": true,
      "email": false,
      "sms": false
    },
    "createdAt": "2025-10-20T06:45:07.567Z",
    "updatedAt": "2025-10-20T06:45:45.534Z",
    "expiresAt": "2025-11-19T06:45:07.568Z",
    "__v": 0,
    "readAt": "2025-10-20T06:45:45.533Z"
  },
  {
    "_id": "68f5e5ce2c6da859810d88c6",
    "recipientId": "68d8b25effe9c2eccae088b0",
    "senderId": "68d8b25effe9c2eccae088b2",
    "type": "evaluation_submitted",
    "title": "Đánh giá đã nộp: 04-QĐ/BCĐTW",
    "message": "Chuyên gia đánh giá đã nộp đánh giá cho báo cáo \"04-QĐ/BCĐTW\".",
    "data": {
      "reportId": "68f1f9c3a7c8ecb70bc5590c",
      "evaluationId": "68f4c45a1d055d4fff73198f",
      "url": "/evaluations/68f4c45a1d055d4fff73198f"
    },
    "priority": "high",
    "status": "sent",
    "channels": {
      "inApp": true,
      "email": true,
      "sms": false
    },
    "createdAt": "2025-10-20T07:33:34.582Z",
    "updatedAt": "2025-10-20T07:33:34.582Z",
    "expiresAt": "2025-11-19T07:33:34.583Z",
    "__v": 0
  },
  {
    "_id": "68f5e5ce2c6da859810d88ce",
    "recipientId": "68d8b25effe9c2eccae088b3",
    "senderId": "68d8b25effe9c2eccae088b2",
    "type": "evaluation_submitted",
    "title": "Đánh giá đã nộp: 04-QĐ/BCĐTW",
    "message": "Chuyên gia đánh giá đã nộp đánh giá cho báo cáo \"04-QĐ/BCĐTW\".",
    "data": {
      "reportId": "68f1f9c3a7c8ecb70bc5590c",
      "evaluationId": "68f4c45a1d055d4fff73198f",
      "url": "/evaluations/68f4c45a1d055d4fff73198f"
    },
    "priority": "high",
    "status": "sent",
    "channels": {
      "inApp": true,
      "email": true,
      "sms": false
    },
    "createdAt": "2025-10-20T07:33:34.600Z",
    "updatedAt": "2025-10-20T07:33:34.600Z",
    "expiresAt": "2025-11-19T07:33:34.601Z",
    "__v": 0
  },
  {
    "_id": "68f5e5ce2c6da859810d88d6",
    "recipientId": "68d8b25effe9c2eccae088b1",
    "senderId": "68d8b25effe9c2eccae088b2",
    "type": "evaluation_submitted",
    "title": "Đánh giá đã nộp: 04-QĐ/BCĐTW",
    "message": "Chuyên gia đánh giá đã nộp đánh giá cho báo cáo \"04-QĐ/BCĐTW\".",
    "data": {
      "reportId": "68f1f9c3a7c8ecb70bc5590c",
      "evaluationId": "68f4c45a1d055d4fff73198f",
      "url": "/evaluations/68f4c45a1d055d4fff73198f"
    },
    "priority": "high",
    "status": "sent",
    "channels": {
      "inApp": true,
      "email": true,
      "sms": false
    },
    "createdAt": "2025-10-20T07:33:34.620Z",
    "updatedAt": "2025-10-20T07:33:34.620Z",
    "expiresAt": "2025-11-19T07:33:34.621Z",
    "__v": 0
  },
  {
    "_id": "68f5e5ce2c6da859810d88de",
    "recipientId": "68f4ebceadb2f87b2a8d5428",
    "senderId": "68d8b25effe9c2eccae088b2",
    "type": "evaluation_submitted",
    "title": "Đánh giá đã nộp: 04-QĐ/BCĐTW",
    "message": "Chuyên gia đánh giá đã nộp đánh giá cho báo cáo \"04-QĐ/BCĐTW\".",
    "data": {
      "reportId": "68f1f9c3a7c8ecb70bc5590c",
      "evaluationId": "68f4c45a1d055d4fff73198f",
      "url": "/evaluations/68f4c45a1d055d4fff73198f"
    },
    "priority": "high",
    "status": "sent",
    "channels": {
      "inApp": true,
      "email": true,
      "sms": false
    },
    "createdAt": "2025-10-20T07:33:34.649Z",
    "updatedAt": "2025-10-20T07:33:34.649Z",
    "expiresAt": "2025-11-19T07:33:34.650Z",
    "__v": 0
  },
  {
    "_id": "68f5e5f52c6da859810d89e4",
    "recipientId": "68d8b25effe9c2eccae088b2",
    "senderId": "68d8b25effe9c2eccae088b1",
    "type": "evaluation_supervised",
    "title": "✅ Đánh giá được chấp thuận: 04-QĐ/BCĐTW",
    "message": "Đánh giá của bạn cho báo cáo \"04-QĐ/BCĐTW\" đã được Cán bộ quản lý báo cáo TĐG chấp thuận giám sát.",
    "data": {
      "reportId": "68f1f9c3a7c8ecb70bc5590c",
      "evaluationId": "68f4c45a1d055d4fff73198f",
      "url": "/evaluations/68f4c45a1d055d4fff73198f"
    },
    "priority": "normal",
    "status": "sent",
    "channels": {
      "inApp": true,
      "email": false,
      "sms": false
    },
    "createdAt": "2025-10-20T07:34:13.680Z",
    "updatedAt": "2025-10-20T07:34:13.680Z",
    "expiresAt": "2025-11-19T07:34:13.681Z",
    "__v": 0
  },
  {
    "_id": "68f5e60c2c6da859810d8aaf",
    "recipientId": "68d8b25effe9c2eccae088b2",
    "senderId": "68d8b25effe9c2eccae088b3",
    "type": "evaluation_finalized",
    "title": "⭐ Đánh giá đã Hoàn tất: 04-QĐ/BCĐTW",
    "message": "Đánh giá của bạn cho báo cáo \"04-QĐ/BCĐTW\" đã được Tư vấn giám sát Hoàn tất (Finalized).",
    "data": {
      "reportId": "68f1f9c3a7c8ecb70bc5590c",
      "evaluationId": "68f4c45a1d055d4fff73198f",
      "url": "/evaluations/68f4c45a1d055d4fff73198f"
    },
    "priority": "high",
    "status": "sent",
    "channels": {
      "inApp": true,
      "email": true,
      "sms": false
    },
    "createdAt": "2025-10-20T07:34:36.392Z",
    "updatedAt": "2025-10-20T07:34:36.392Z",
    "expiresAt": "2025-11-19T07:34:36.393Z",
    "__v": 0
  },
  {
    "_id": "68f5e7b02c6da859810d946e",
    "recipientId": "68d8b25effe9c2eccae088b2",
    "senderId": "68d8b25effe9c2eccae088b1",
    "type": "assignment_new",
    "title": "Phân quyền đánh giá mới",
    "message": "Bạn được phân quyền đánh giá báo cáo: Tạo báo cáo phân tích tiêu chuẩn/tiêu chí",
    "data": {
      "reportId": "68f4ed74adb2f87b2a8d5dc1",
      "assignmentId": "68f5e7b02c6da859810d9469",
      "url": "/reports/assignments/68f5e7b02c6da859810d9469"
    },
    "priority": "normal",
    "status": "sent",
    "channels": {
      "inApp": true,
      "email": false,
      "sms": false
    },
    "createdAt": "2025-10-20T07:41:36.704Z",
    "updatedAt": "2025-10-20T07:41:36.704Z",
    "expiresAt": "2025-11-19T07:41:36.705Z",
    "__v": 0
  },
  {
    "_id": "68f5e81c2c6da859810d9766",
    "recipientId": "68d8b25effe9c2eccae088b0",
    "senderId": "68d8b25effe9c2eccae088b2",
    "type": "evaluation_submitted",
    "title": "Đánh giá đã nộp: Tạo báo cáo phân tích tiêu chuẩn/tiêu chí",
    "message": "Chuyên gia đánh giá đã nộp đánh giá cho báo cáo \"Tạo báo cáo phân tích tiêu chuẩn/tiêu chí\".",
    "data": {
      "reportId": "68f4ed74adb2f87b2a8d5dc1",
      "evaluationId": "68f5e81a2c6da859810d973d",
      "url": "/evaluations/68f5e81a2c6da859810d973d"
    },
    "priority": "high",
    "status": "sent",
    "channels": {
      "inApp": true,
      "email": true,
      "sms": false
    },
    "createdAt": "2025-10-20T07:43:24.481Z",
    "updatedAt": "2025-10-20T07:43:24.481Z",
    "expiresAt": "2025-11-19T07:43:24.482Z",
    "__v": 0
  },
  {
    "_id": "68f5e81c2c6da859810d976e",
    "recipientId": "68d8b25effe9c2eccae088b3",
    "senderId": "68d8b25effe9c2eccae088b2",
    "type": "evaluation_submitted",
    "title": "Đánh giá đã nộp: Tạo báo cáo phân tích tiêu chuẩn/tiêu chí",
    "message": "Chuyên gia đánh giá đã nộp đánh giá cho báo cáo \"Tạo báo cáo phân tích tiêu chuẩn/tiêu chí\".",
    "data": {
      "reportId": "68f4ed74adb2f87b2a8d5dc1",
      "evaluationId": "68f5e81a2c6da859810d973d",
      "url": "/evaluations/68f5e81a2c6da859810d973d"
    },
    "priority": "high",
    "status": "sent",
    "channels": {
      "inApp": true,
      "email": true,
      "sms": false
    },
    "createdAt": "2025-10-20T07:43:24.494Z",
    "updatedAt": "2025-10-20T07:43:24.494Z",
    "expiresAt": "2025-11-19T07:43:24.495Z",
    "__v": 0
  },
  {
    "_id": "68f5e81c2c6da859810d9776",
    "recipientId": "68d8b25effe9c2eccae088b1",
    "senderId": "68d8b25effe9c2eccae088b2",
    "type": "evaluation_submitted",
    "title": "Đánh giá đã nộp: Tạo báo cáo phân tích tiêu chuẩn/tiêu chí",
    "message": "Chuyên gia đánh giá đã nộp đánh giá cho báo cáo \"Tạo báo cáo phân tích tiêu chuẩn/tiêu chí\".",
    "data": {
      "reportId": "68f4ed74adb2f87b2a8d5dc1",
      "evaluationId": "68f5e81a2c6da859810d973d",
      "url": "/evaluations/68f5e81a2c6da859810d973d"
    },
    "priority": "high",
    "status": "sent",
    "channels": {
      "inApp": true,
      "email": true,
      "sms": false
    },
    "createdAt": "2025-10-20T07:43:24.506Z",
    "updatedAt": "2025-10-20T07:43:24.506Z",
    "expiresAt": "2025-11-19T07:43:24.507Z",
    "__v": 0
  },
  {
    "_id": "68f5e81c2c6da859810d977e",
    "recipientId": "68f4ebceadb2f87b2a8d5428",
    "senderId": "68d8b25effe9c2eccae088b2",
    "type": "evaluation_submitted",
    "title": "Đánh giá đã nộp: Tạo báo cáo phân tích tiêu chuẩn/tiêu chí",
    "message": "Chuyên gia đánh giá đã nộp đánh giá cho báo cáo \"Tạo báo cáo phân tích tiêu chuẩn/tiêu chí\".",
    "data": {
      "reportId": "68f4ed74adb2f87b2a8d5dc1",
      "evaluationId": "68f5e81a2c6da859810d973d",
      "url": "/evaluations/68f5e81a2c6da859810d973d"
    },
    "priority": "high",
    "status": "sent",
    "channels": {
      "inApp": true,
      "email": true,
      "sms": false
    },
    "createdAt": "2025-10-20T07:43:24.515Z",
    "updatedAt": "2025-10-20T07:43:24.515Z",
    "expiresAt": "2025-11-19T07:43:24.516Z",
    "__v": 0
  },
  {
    "_id": "68f5e8412c6da859810d98e9",
    "recipientId": "68d8b25effe9c2eccae088b2",
    "senderId": "68d8b25effe9c2eccae088b1",
    "type": "evaluation_supervised",
    "title": "✅ Đánh giá được chấp thuận: Tạo báo cáo phân tích tiêu chuẩn/tiêu chí",
    "message": "Đánh giá của bạn cho báo cáo \"Tạo báo cáo phân tích tiêu chuẩn/tiêu chí\" đã được Cán bộ quản lý báo cáo TĐG chấp thuận giám sát.",
    "data": {
      "reportId": "68f4ed74adb2f87b2a8d5dc1",
      "evaluationId": "68f5e81a2c6da859810d973d",
      "url": "/evaluations/68f5e81a2c6da859810d973d"
    },
    "priority": "normal",
    "status": "sent",
    "channels": {
      "inApp": true,
      "email": false,
      "sms": false
    },
    "createdAt": "2025-10-20T07:44:01.535Z",
    "updatedAt": "2025-10-20T07:44:01.535Z",
    "expiresAt": "2025-11-19T07:44:01.536Z",
    "__v": 0
  },
  {
    "_id": "68f5e84a2c6da859810d998e",
    "recipientId": "68d8b25effe9c2eccae088b2",
    "senderId": "68d8b25effe9c2eccae088b3",
    "type": "evaluation_finalized",
    "title": "⭐ Đánh giá đã Hoàn tất: Tạo báo cáo phân tích tiêu chuẩn/tiêu chí",
    "message": "Đánh giá của bạn cho báo cáo \"Tạo báo cáo phân tích tiêu chuẩn/tiêu chí\" đã được Tư vấn giám sát Hoàn tất (Finalized).",
    "data": {
      "reportId": "68f4ed74adb2f87b2a8d5dc1",
      "evaluationId": "68f5e81a2c6da859810d973d",
      "url": "/evaluations/68f5e81a2c6da859810d973d"
    },
    "priority": "high",
    "status": "sent",
    "channels": {
      "inApp": true,
      "email": true,
      "sms": false
    },
    "createdAt": "2025-10-20T07:44:10.013Z",
    "updatedAt": "2025-10-20T07:44:10.013Z",
    "expiresAt": "2025-11-19T07:44:10.014Z",
    "__v": 0
  },
  {
    "_id": "68f5e8862c6da859810d9ade",
    "recipientId": "68d8b25effe9c2eccae088b2",
    "senderId": "68d8b25effe9c2eccae088b1",
    "type": "assignment_new",
    "title": "Phân quyền đánh giá mới",
    "message": "Bạn được phân quyền đánh giá báo cáo: Vui lòng điền đầy đủ thông tin",
    "data": {
      "reportId": "68f09bb30c094272d999ae17",
      "assignmentId": "68f5e8862c6da859810d9ad9",
      "url": "/reports/assignments/68f5e8862c6da859810d9ad9"
    },
    "priority": "normal",
    "status": "sent",
    "channels": {
      "inApp": true,
      "email": false,
      "sms": false
    },
    "createdAt": "2025-10-20T07:45:10.983Z",
    "updatedAt": "2025-10-20T07:45:10.983Z",
    "expiresAt": "2025-11-19T07:45:10.984Z",
    "__v": 0
  },
  {
    "_id": "68f5ea392c6da859810d9f02",
    "recipientId": "68d8b25effe9c2eccae088b0",
    "senderId": "68d8b25effe9c2eccae088b2",
    "type": "evaluation_submitted",
    "title": "Đánh giá đã nộp: Vui lòng điền đầy đủ thông tin",
    "message": "Chuyên gia đánh giá đã nộp đánh giá cho báo cáo \"Vui lòng điền đầy đủ thông tin\".",
    "data": {
      "reportId": "68f09bb30c094272d999ae17",
      "evaluationId": "68f5ea332c6da859810d9ea8",
      "url": "/evaluations/68f5ea332c6da859810d9ea8"
    },
    "priority": "high",
    "status": "sent",
    "channels": {
      "inApp": true,
      "email": true,
      "sms": false
    },
    "createdAt": "2025-10-20T07:52:25.712Z",
    "updatedAt": "2025-10-20T07:52:25.712Z",
    "expiresAt": "2025-11-19T07:52:25.715Z",
    "__v": 0
  },
  {
    "_id": "68f5ea392c6da859810d9f1e",
    "recipientId": "68d8b25effe9c2eccae088b3",
    "senderId": "68d8b25effe9c2eccae088b2",
    "type": "evaluation_submitted",
    "title": "Đánh giá đã nộp: Vui lòng điền đầy đủ thông tin",
    "message": "Chuyên gia đánh giá đã nộp đánh giá cho báo cáo \"Vui lòng điền đầy đủ thông tin\".",
    "data": {
      "reportId": "68f09bb30c094272d999ae17",
      "evaluationId": "68f5ea332c6da859810d9ea8",
      "url": "/evaluations/68f5ea332c6da859810d9ea8"
    },
    "priority": "high",
    "status": "sent",
    "channels": {
      "inApp": true,
      "email": true,
      "sms": false
    },
    "createdAt": "2025-10-20T07:52:25.891Z",
    "updatedAt": "2025-10-20T07:52:25.891Z",
    "expiresAt": "2025-11-19T07:52:25.895Z",
    "__v": 0
  },
  {
    "_id": "68f5ea3a2c6da859810d9f32",
    "recipientId": "68d8b25effe9c2eccae088b1",
    "senderId": "68d8b25effe9c2eccae088b2",
    "type": "evaluation_submitted",
    "title": "Đánh giá đã nộp: Vui lòng điền đầy đủ thông tin",
    "message": "Chuyên gia đánh giá đã nộp đánh giá cho báo cáo \"Vui lòng điền đầy đủ thông tin\".",
    "data": {
      "reportId": "68f09bb30c094272d999ae17",
      "evaluationId": "68f5ea332c6da859810d9ea8",
      "url": "/evaluations/68f5ea332c6da859810d9ea8"
    },
    "priority": "high",
    "status": "sent",
    "channels": {
      "inApp": true,
      "email": true,
      "sms": false
    },
    "createdAt": "2025-10-20T07:52:26.167Z",
    "updatedAt": "2025-10-20T07:52:26.167Z",
    "expiresAt": "2025-11-19T07:52:26.169Z",
    "__v": 0
  },
  {
    "_id": "68f5ea3a2c6da859810d9f4b",
    "recipientId": "68f4ebceadb2f87b2a8d5428",
    "senderId": "68d8b25effe9c2eccae088b2",
    "type": "evaluation_submitted",
    "title": "Đánh giá đã nộp: Vui lòng điền đầy đủ thông tin",
    "message": "Chuyên gia đánh giá đã nộp đánh giá cho báo cáo \"Vui lòng điền đầy đủ thông tin\".",
    "data": {
      "reportId": "68f09bb30c094272d999ae17",
      "evaluationId": "68f5ea332c6da859810d9ea8",
      "url": "/evaluations/68f5ea332c6da859810d9ea8"
    },
    "priority": "high",
    "status": "sent",
    "channels": {
      "inApp": true,
      "email": true,
      "sms": false
    },
    "createdAt": "2025-10-20T07:52:26.366Z",
    "updatedAt": "2025-10-20T07:52:26.366Z",
    "expiresAt": "2025-11-19T07:52:26.372Z",
    "__v": 0
  },
  {
    "_id": "68f5ea622c6da859810da0bb",
    "recipientId": "68d8b25effe9c2eccae088b2",
    "senderId": "68d8b25effe9c2eccae088b1",
    "type": "evaluation_supervised",
    "title": "✅ Đánh giá được chấp thuận: Vui lòng điền đầy đủ thông tin",
    "message": "Đánh giá của bạn cho báo cáo \"Vui lòng điền đầy đủ thông tin\" đã được Cán bộ quản lý báo cáo TĐG chấp thuận giám sát.",
    "data": {
      "reportId": "68f09bb30c094272d999ae17",
      "evaluationId": "68f5ea332c6da859810d9ea8",
      "url": "/evaluations/68f5ea332c6da859810d9ea8"
    },
    "priority": "normal",
    "status": "sent",
    "channels": {
      "inApp": true,
      "email": false,
      "sms": false
    },
    "createdAt": "2025-10-20T07:53:06.222Z",
    "updatedAt": "2025-10-20T07:53:06.222Z",
    "expiresAt": "2025-11-19T07:53:06.225Z",
    "__v": 0
  },
  {
    "_id": "68f5f1c12c6da859810dae5f",
    "recipientId": "68d8b25effe9c2eccae088b2",
    "senderId": "68d8b25effe9c2eccae088b1",
    "type": "assignment_new",
    "title": "Phân quyền đánh giá mới",
    "message": "Bạn được phân quyền đánh giá báo cáo: Vui lòng điền đầy đủ thông tin",
    "data": {
      "reportId": "68f5f0b62c6da859810dab53",
      "assignmentId": "68f5f1c12c6da859810dae5a",
      "url": "/reports/assignments/68f5f1c12c6da859810dae5a"
    },
    "priority": "normal",
    "status": "sent",
    "channels": {
      "inApp": true,
      "email": false,
      "sms": false
    },
    "createdAt": "2025-10-20T08:24:33.251Z",
    "updatedAt": "2025-10-20T08:24:33.251Z",
    "expiresAt": "2025-11-19T08:24:33.252Z",
    "__v": 0
  },
  {
    "_id": "68f5f1ed2c6da859810dafe2",
    "recipientId": "68d8b25effe9c2eccae088b0",
    "senderId": "68d8b25effe9c2eccae088b2",
    "type": "evaluation_submitted",
    "title": "Đánh giá đã nộp: Vui lòng điền đầy đủ thông tin",
    "message": "Chuyên gia đánh giá đã nộp đánh giá cho báo cáo \"Vui lòng điền đầy đủ thông tin\".",
    "data": {
      "reportId": "68f5f0b62c6da859810dab53",
      "evaluationId": "68f5f1ed2c6da859810dafb9",
      "url": "/evaluations/68f5f1ed2c6da859810dafb9"
    },
    "priority": "high",
    "status": "sent",
    "channels": {
      "inApp": true,
      "email": true,
      "sms": false
    },
    "createdAt": "2025-10-20T08:25:17.951Z",
    "updatedAt": "2025-10-20T08:25:17.951Z",
    "expiresAt": "2025-11-19T08:25:17.952Z",
    "__v": 0
  },
  {
    "_id": "68f5f1ed2c6da859810dafea",
    "recipientId": "68d8b25effe9c2eccae088b3",
    "senderId": "68d8b25effe9c2eccae088b2",
    "type": "evaluation_submitted",
    "title": "Đánh giá đã nộp: Vui lòng điền đầy đủ thông tin",
    "message": "Chuyên gia đánh giá đã nộp đánh giá cho báo cáo \"Vui lòng điền đầy đủ thông tin\".",
    "data": {
      "reportId": "68f5f0b62c6da859810dab53",
      "evaluationId": "68f5f1ed2c6da859810dafb9",
      "url": "/evaluations/68f5f1ed2c6da859810dafb9"
    },
    "priority": "high",
    "status": "sent",
    "channels": {
      "inApp": true,
      "email": true,
      "sms": false
    },
    "createdAt": "2025-10-20T08:25:17.960Z",
    "updatedAt": "2025-10-20T08:25:17.960Z",
    "expiresAt": "2025-11-19T08:25:17.961Z",
    "__v": 0
  },
  {
    "_id": "68f5f1ed2c6da859810daff2",
    "recipientId": "68d8b25effe9c2eccae088b1",
    "senderId": "68d8b25effe9c2eccae088b2",
    "type": "evaluation_submitted",
    "title": "Đánh giá đã nộp: Vui lòng điền đầy đủ thông tin",
    "message": "Chuyên gia đánh giá đã nộp đánh giá cho báo cáo \"Vui lòng điền đầy đủ thông tin\".",
    "data": {
      "reportId": "68f5f0b62c6da859810dab53",
      "evaluationId": "68f5f1ed2c6da859810dafb9",
      "url": "/evaluations/68f5f1ed2c6da859810dafb9"
    },
    "priority": "high",
    "status": "sent",
    "channels": {
      "inApp": true,
      "email": true,
      "sms": false
    },
    "createdAt": "2025-10-20T08:25:17.969Z",
    "updatedAt": "2025-10-20T08:25:17.969Z",
    "expiresAt": "2025-11-19T08:25:17.969Z",
    "__v": 0
  },
  {
    "_id": "68f5f1ed2c6da859810daffa",
    "recipientId": "68f4ebceadb2f87b2a8d5428",
    "senderId": "68d8b25effe9c2eccae088b2",
    "type": "evaluation_submitted",
    "title": "Đánh giá đã nộp: Vui lòng điền đầy đủ thông tin",
    "message": "Chuyên gia đánh giá đã nộp đánh giá cho báo cáo \"Vui lòng điền đầy đủ thông tin\".",
    "data": {
      "reportId": "68f5f0b62c6da859810dab53",
      "evaluationId": "68f5f1ed2c6da859810dafb9",
      "url": "/evaluations/68f5f1ed2c6da859810dafb9"
    },
    "priority": "high",
    "status": "sent",
    "channels": {
      "inApp": true,
      "email": true,
      "sms": false
    },
    "createdAt": "2025-10-20T08:25:17.979Z",
    "updatedAt": "2025-10-20T08:25:17.979Z",
    "expiresAt": "2025-11-19T08:25:17.979Z",
    "__v": 0
  },
  {
    "_id": "68f5f2212c6da859810db164",
    "recipientId": "68d8b25effe9c2eccae088b2",
    "senderId": "68d8b25effe9c2eccae088b1",
    "type": "evaluation_supervised",
    "title": "✅ Đánh giá được chấp thuận: Vui lòng điền đầy đủ thông tin",
    "message": "Đánh giá của bạn cho báo cáo \"Vui lòng điền đầy đủ thông tin\" đã được Cán bộ quản lý báo cáo TĐG chấp thuận giám sát.",
    "data": {
      "reportId": "68f5f0b62c6da859810dab53",
      "evaluationId": "68f5f1ed2c6da859810dafb9",
      "url": "/evaluations/68f5f1ed2c6da859810dafb9"
    },
    "priority": "normal",
    "status": "sent",
    "channels": {
      "inApp": true,
      "email": false,
      "sms": false
    },
    "createdAt": "2025-10-20T08:26:09.130Z",
    "updatedAt": "2025-10-20T08:26:09.130Z",
    "expiresAt": "2025-11-19T08:26:09.132Z",
    "__v": 0
  },
  {
    "_id": "68f5f22c2c6da859810db1d5",
    "recipientId": "68d8b25effe9c2eccae088b2",
    "senderId": "68d8b25effe9c2eccae088b3",
    "type": "evaluation_finalized",
    "title": "⭐ Đánh giá đã Hoàn tất: Vui lòng điền đầy đủ thông tin",
    "message": "Đánh giá của bạn cho báo cáo \"Vui lòng điền đầy đủ thông tin\" đã được Tư vấn giám sát Hoàn tất (Finalized).",
    "data": {
      "reportId": "68f09bb30c094272d999ae17",
      "evaluationId": "68f5ea332c6da859810d9ea8",
      "url": "/evaluations/68f5ea332c6da859810d9ea8"
    },
    "priority": "high",
    "status": "sent",
    "channels": {
      "inApp": true,
      "email": true,
      "sms": false
    },
    "createdAt": "2025-10-20T08:26:20.854Z",
    "updatedAt": "2025-10-20T08:26:20.854Z",
    "expiresAt": "2025-11-19T08:26:20.855Z",
    "__v": 0
  },
  {
    "_id": "68f5f2332c6da859810db23c",
    "recipientId": "68d8b25effe9c2eccae088b2",
    "senderId": "68d8b25effe9c2eccae088b3",
    "type": "evaluation_finalized",
    "title": "⭐ Đánh giá đã Hoàn tất: Vui lòng điền đầy đủ thông tin",
    "message": "Đánh giá của bạn cho báo cáo \"Vui lòng điền đầy đủ thông tin\" đã được Tư vấn giám sát Hoàn tất (Finalized).",
    "data": {
      "reportId": "68f5f0b62c6da859810dab53",
      "evaluationId": "68f5f1ed2c6da859810dafb9",
      "url": "/evaluations/68f5f1ed2c6da859810dafb9"
    },
    "priority": "high",
    "status": "sent",
    "channels": {
      "inApp": true,
      "email": true,
      "sms": false
    },
    "createdAt": "2025-10-20T08:26:27.721Z",
    "updatedAt": "2025-10-20T08:26:27.721Z",
    "expiresAt": "2025-11-19T08:26:27.722Z",
    "__v": 0
  },
  {
    "_id": "68f5f28f2c6da859810db402",
    "recipientId": "68d8b25effe9c2eccae088b2",
    "senderId": "68d8b25effe9c2eccae088b1",
    "type": "assignment_new",
    "title": "Phân quyền đánh giá mới",
    "message": "Bạn được phân quyền đánh giá báo cáo: Demo báo cáo",
    "data": {
      "reportId": "68f20b79765f939c3eced0d4",
      "assignmentId": "68f5f28f2c6da859810db3fd",
      "url": "/reports/assignments/68f5f28f2c6da859810db3fd"
    },
    "priority": "normal",
    "status": "sent",
    "channels": {
      "inApp": true,
      "email": false,
      "sms": false
    },
    "createdAt": "2025-10-20T08:27:59.180Z",
    "updatedAt": "2025-10-20T08:27:59.180Z",
    "expiresAt": "2025-11-19T08:27:59.181Z",
    "__v": 0
  },
  {
    "_id": "68f5f28f2c6da859810db413",
    "recipientId": "68dcf5de99a947aefc999740",
    "senderId": "68d8b25effe9c2eccae088b1",
    "type": "assignment_new",
    "title": "Phân quyền đánh giá mới",
    "message": "Bạn được phân quyền đánh giá báo cáo: Demo báo cáo",
    "data": {
      "reportId": "68f20b79765f939c3eced0d4",
      "assignmentId": "68f5f28f2c6da859810db40e",
      "url": "/reports/assignments/68f5f28f2c6da859810db40e"
    },
    "priority": "normal",
    "status": "sent",
    "channels": {
      "inApp": true,
      "email": false,
      "sms": false
    },
    "createdAt": "2025-10-20T08:27:59.236Z",
    "updatedAt": "2025-10-20T08:27:59.236Z",
    "expiresAt": "2025-11-19T08:27:59.237Z",
    "__v": 0
  },
  {
    "_id": "68f5f28f2c6da859810db424",
    "recipientId": "68ebc18d771e0df31e980506",
    "senderId": "68d8b25effe9c2eccae088b1",
    "type": "assignment_new",
    "title": "Phân quyền đánh giá mới",
    "message": "Bạn được phân quyền đánh giá báo cáo: Demo báo cáo",
    "data": {
      "reportId": "68f20b79765f939c3eced0d4",
      "assignmentId": "68f5f28f2c6da859810db41f",
      "url": "/reports/assignments/68f5f28f2c6da859810db41f"
    },
    "priority": "normal",
    "status": "sent",
    "channels": {
      "inApp": true,
      "email": false,
      "sms": false
    },
    "createdAt": "2025-10-20T08:27:59.273Z",
    "updatedAt": "2025-10-20T08:27:59.273Z",
    "expiresAt": "2025-11-19T08:27:59.273Z",
    "__v": 0
  }
]