[
  {
    "_id": "68d8b25effe9c2eccae088b4",
    "name": "Năm học 2024-2025",
    "code": "2024-2025",
    "startYear": 2024,
    "endYear": 2025,
    "startDate": "2024-09-01T00:00:00.000Z",
    "endDate": "2025-06-30T00:00:00.000Z",
    "status": "active",
    "isCurrent": true,
    "copySettings": {
      "programs": true,
      "organizations": true,
      "standards": true,
      "criteria": true,
      "evidenceTemplates": false
    },
    "metadata": {
      "totalPrograms": 1,
      "totalStandards": 3,
      "totalCriteria": 2,
      "totalEvidences": 2,
      "totalFiles": 0,
      "completionRate": 0
    },
    "createdBy": "68d8b25effe9c2eccae088b0",
    "updatedBy": "68d8b25effe9c2eccae088b0",
    "createdAt": "2025-09-28T03:58:22.067Z",
    "updatedAt": "2025-10-13T14:25:57.238Z"
  },
  {
    "_id": "68da10d2699a76a3e6237f55",
    "name": "Năm học 2025-2026",
    "code": "2025-2026",
    "startYear": 2025,
    "endYear": 2026,
    "startDate": "2025-01-05T00:00:00.000Z",
    "endDate": "2026-01-05T00:00:00.000Z",
    "description": "",
    "status": "active",
    "isCurrent": false,
    "copySettings": {
      "programs": false,
      "organizations": false,
      "standards": false,
      "criteria": false,
      "evidenceTemplates": false
    },
    "metadata": {
      "totalPrograms": 0,
      "totalStandards": 0,
      "totalCriteria": 0,
      "totalEvidences": 0,
      "totalFiles": 0,
      "completionRate": 0
    },
    "createdBy": "68d8b25effe9c2eccae088b0",
    "updatedBy": "68d8b25effe9c2eccae088b0",
    "createdAt": "2025-09-29T04:53:38.093Z",
    "updatedAt": "2025-10-13T09:53:25.772Z",
    "__v": 0
  },
  {
    "_id": "68eca0e0e2bdc233a9f438d3",
    "name": "Năm học 2026-2027",
    "code": "2026-2027",
    "startYear": 2026,
    "endYear": 2027,
    "startDate": "2026-01-01T00:00:00.000Z",
    "endDate": "2027-01-01T00:00:00.000Z",
    "status": "active",
    "isCurrent": false,
    "copySettings": {
      "programs": true,
      "organizations": true,
      "standards": true,
      "criteria": true,
      "evidenceTemplates": false
    },
    "metadata": {
      "totalPrograms": 0,
      "totalStandards": 0,
      "totalCriteria": 0,
      "totalEvidences": 0,
      "totalFiles": 0,
      "completionRate": 0
    },
    "createdBy": "68d8b25effe9c2eccae088b0",
    "updatedBy": "68d8b25effe9c2eccae088b0",
    "createdAt": "2025-10-13T06:49:04.514Z",
    "updatedAt": "2025-10-13T09:26:11.360Z",
    "__v": 0
  },
  {
    "_id": "68eca191e2bdc233a9f43973",
    "name": "Năm học 2023-2024",
    "code": "2023-2024",
    "startYear": 2023,
    "endYear": 2024,
    "startDate": "2023-01-01T00:00:00.000Z",
    "endDate": "2024-01-01T00:00:00.000Z",
    "status": "active",
    "isCurrent": false,
    "copySettings": {
      "programs": true,
      "organizations": true,
      "standards": true,
      "criteria": true,
      "evidenceTemplates": false
    },
    "metadata": {
      "totalPrograms": 0,
      "totalStandards": 0,
      "totalCriteria": 0,
      "totalEvidences": 0,
      "totalFiles": 0,
      "completionRate": 0
    },
    "createdBy": "68d8b25effe9c2eccae088b0",
    "updatedBy": "68d8b25effe9c2eccae088b0",
    "createdAt": "2025-10-13T06:52:01.347Z",
    "updatedAt": "2025-10-13T09:53:21.621Z",
    "__v": 0
  },
  {
    "_id": "68ecc5aa08f57449aa632305",
    "name": "Năm học 2027-2028",
    "code": "2027-2028",
    "startYear": 2027,
    "endYear": 2028,
    "startDate": "2027-01-01T00:00:00.000Z",
    "endDate": "2028-01-01T00:00:00.000Z",
    "status": "active",
    "isCurrent": false,
    "copySettings": {
      "programs": true,
      "organizations": true,
      "standards": true,
      "criteria": true,
      "evidenceTemplates": false
    },
    "metadata": {
      "totalPrograms": 0,
      "totalStandards": 0,
      "totalCriteria": 0,
      "totalEvidences": 0,
      "totalFiles": 0,
      "completionRate": 0
    },
    "createdBy": "68d8b25effe9c2eccae088b0",
    "updatedBy": "68d8b25effe9c2eccae088b0",
    "createdAt": "2025-10-13T09:26:02.581Z",
    "updatedAt": "2025-10-13T10:15:30.188Z",
    "__v": 0
  },
  {
    "_id": "68ed08ca0278ddb5f1cac910",
    "name": "Năm học 2028-2029",
    "code": "2028-2029",
    "startYear": 2028,
    "endYear": 2029,
    "startDate": "2028-01-01T00:00:00.000Z",
    "endDate": "2029-01-01T00:00:00.000Z",
    "status": "active",
    "isCurrent": false,
    "copySettings": {
      "programs": true,
      "organizations": true,
      "standards": true,
      "criteria": true,
      "evidenceTemplates": false
    },
    "metadata": {
      "totalPrograms": 0,
      "totalStandards": 0,
      "totalCriteria": 0,
      "totalEvidences": 0,
      "totalFiles": 0,
      "completionRate": 0
    },
    "createdBy": "68d8b25effe9c2eccae088b0",
    "updatedBy": "68d8b25effe9c2eccae088b0",
    "createdAt": "2025-10-13T14:12:26.610Z",
    "updatedAt": "2025-10-13T14:12:46.248Z",
    "__v": 0
  }
]