[
  {
    "_id": "68e5be1d70de6790d9aab628",
    "originalName": "Khoa ICT_HÆ°á»ng dáº«n trÃ¬nh bÃ y bÃ¡o cÃ¡o thá»±c táº­p FN1.docx",
    "storedName": "H1.01.01.02-Danh gia chat luong chuong trinh dao tao dai hoc.docx",
    "filePath": "uploads\\evidences\\H1.01.01.02-Danh gia chat luong chuong trinh dao tao dai hoc.docx",
    "size": 132343,
    "mimeType": "application/vnd.openxmlformats-officedocument.wordprocessingml.document",
    "extension": ".docx",
    "type": "file",
    "evidenceId": "68e4da273f0a462ac90abe3d",
    "uploadedBy": "68d8b25effe9c2eccae088b0",
    "url": "/uploads/evidences/H1.01.01.02-Danh gia chat luong chuong trinh dao tao dai hoc.docx",
    "parentFolder": null,
    "children": [],
    "folderMetadata": {
      "fileCount": 0,
      "totalSize": 0
    },
    "status": "active",
    "virusScanResult": {
      "scanned": false,
      "clean": true
    },
    "downloadCount": 0,
    "uploadedAt": "2025-10-08T01:27:57.995Z",
    "updatedAt": "2025-10-08T01:27:57.996Z",
    "__v": 0
  },
  {
    "_id": "68e5be3370de6790d9aab64f",
    "originalName": "Khoa ICT_HÆ°á»ng dáº«n trÃ¬nh bÃ y bÃ¡o cÃ¡o thá»±c táº­p FN1.docx",
    "storedName": "H1.01.01.02-Danh gia chat luong chuong trinh dao tao dai hoc.docx",
    "filePath": "uploads\\evidences\\H1.01.01.02-Danh gia chat luong chuong trinh dao tao dai hoc.docx",
    "size": 132343,
    "mimeType": "application/vnd.openxmlformats-officedocument.wordprocessingml.document",
    "extension": ".docx",
    "type": "file",
    "evidenceId": "68e4da273f0a462ac90abe3d",
    "uploadedBy": "68d8b25effe9c2eccae088b0",
    "url": "/uploads/evidences/H1.01.01.02-Danh gia chat luong chuong trinh dao tao dai hoc.docx",
    "parentFolder": null,
    "children": [],
    "folderMetadata": {
      "fileCount": 0,
      "totalSize": 0
    },
    "status": "active",
    "virusScanResult": {
      "scanned": false,
      "clean": true
    },
    "downloadCount": 0,
    "uploadedAt": "2025-10-08T01:28:19.189Z",
    "updatedAt": "2025-10-08T01:28:19.189Z",
    "__v": 0
  },
  {
    "_id": "68e5be3370de6790d9aab65d",
    "originalName": "Máº«u 04. Nháº­t kÃ½ thá»±c táº­p nghá» nghiá»p.docx",
    "storedName": "H1.01.01.02-Danh gia chat luong chuong trinh dao tao dai hoc.docx",
    "filePath": "uploads\\evidences\\H1.01.01.02-Danh gia chat luong chuong trinh dao tao dai hoc.docx",
    "size": 40731,
    "mimeType": "application/vnd.openxmlformats-officedocument.wordprocessingml.document",
    "extension": ".docx",
    "type": "file",
    "evidenceId": "68e4da273f0a462ac90abe3d",
    "uploadedBy": "68d8b25effe9c2eccae088b0",
    "url": "/uploads/evidences/H1.01.01.02-Danh gia chat luong chuong trinh dao tao dai hoc.docx",
    "parentFolder": null,
    "children": [],
    "folderMetadata": {
      "fileCount": 0,
      "totalSize": 0
    },
    "status": "active",
    "virusScanResult": {
      "scanned": false,
      "clean": true
    },
    "downloadCount": 0,
    "uploadedAt": "2025-10-08T01:28:19.263Z",
    "updatedAt": "2025-10-08T01:28:19.263Z",
    "__v": 0
  },
  {
    "_id": "68e5be3370de6790d9aab66c",
    "originalName": "Máº«u 06. Phiáº¿u Tá»± ÄÃ¡nh giÃ¡ thá»±c táº­p.docx",
    "storedName": "H1.01.01.02-Danh gia chat luong chuong trinh dao tao dai hoc.docx",
    "filePath": "uploads\\evidences\\H1.01.01.02-Danh gia chat luong chuong trinh dao tao dai hoc.docx",
    "size": 26715,
    "mimeType": "application/vnd.openxmlformats-officedocument.wordprocessingml.document",
    "extension": ".docx",
    "type": "file",
    "evidenceId": "68e4da273f0a462ac90abe3d",
    "uploadedBy": "68d8b25effe9c2eccae088b0",
    "url": "/uploads/evidences/H1.01.01.02-Danh gia chat luong chuong trinh dao tao dai hoc.docx",
    "parentFolder": null,
    "children": [],
    "folderMetadata": {
      "fileCount": 0,
      "totalSize": 0
    },
    "status": "active",
    "virusScanResult": {
      "scanned": false,
      "clean": true
    },
    "downloadCount": 0,
    "uploadedAt": "2025-10-08T01:28:19.341Z",
    "updatedAt": "2025-10-08T01:28:19.341Z",
    "__v": 0
  },
  {
    "_id": "68e5be3370de6790d9aab67c",
    "originalName": "Máº«u 07. Phiáº¿u cháº¥m Äiá»m cá»§a giáº£ng viÃªn hÆ°á»ng dáº«n.docx",
    "storedName": "H1.01.01.02-Danh gia chat luong chuong trinh dao tao dai hoc.docx",
    "filePath": "uploads\\evidences\\H1.01.01.02-Danh gia chat luong chuong trinh dao tao dai hoc.docx",
    "size": 27716,
    "mimeType": "application/vnd.openxmlformats-officedocument.wordprocessingml.document",
    "extension": ".docx",
    "type": "file",
    "evidenceId": "68e4da273f0a462ac90abe3d",
    "uploadedBy": "68d8b25effe9c2eccae088b0",
    "url": "/uploads/evidences/H1.01.01.02-Danh gia chat luong chuong trinh dao tao dai hoc.docx",
    "parentFolder": null,
    "children": [],
    "folderMetadata": {
      "fileCount": 0,
      "totalSize": 0
    },
    "status": "active",
    "virusScanResult": {
      "scanned": false,
      "clean": true
    },
    "downloadCount": 0,
    "uploadedAt": "2025-10-08T01:28:19.409Z",
    "updatedAt": "2025-10-08T01:28:19.409Z",
    "__v": 0
  },
  {
    "_id": "68e5be3370de6790d9aab68d",
    "originalName": "Máº«u 08. Phiáº¿u cháº¥m Äiá»m cá»§a ÄÆ¡n vá» thá»±c táº­p.docx",
    "storedName": "H1.01.01.02-Danh gia chat luong chuong trinh dao tao dai hoc.docx",
    "filePath": "uploads\\evidences\\H1.01.01.02-Danh gia chat luong chuong trinh dao tao dai hoc.docx",
    "size": 27432,
    "mimeType": "application/vnd.openxmlformats-officedocument.wordprocessingml.document",
    "extension": ".docx",
    "type": "file",
    "evidenceId": "68e4da273f0a462ac90abe3d",
    "uploadedBy": "68d8b25effe9c2eccae088b0",
    "url": "/uploads/evidences/H1.01.01.02-Danh gia chat luong chuong trinh dao tao dai hoc.docx",
    "parentFolder": null,
    "children": [],
    "folderMetadata": {
      "fileCount": 0,
      "totalSize": 0
    },
    "status": "active",
    "virusScanResult": {
      "scanned": false,
      "clean": true
    },
    "downloadCount": 0,
    "uploadedAt": "2025-10-08T01:28:19.483Z",
    "updatedAt": "2025-10-08T01:28:19.483Z",
    "__v": 0
  },
  {
    "_id": "68e5be3370de6790d9aab69f",
    "originalName": "TranVietLoc_BIT230242_Káº¿ hoáº¡ch thá»±c táº­p nghá» nghiá»p.docx",
    "storedName": "H1.01.01.02-Danh gia chat luong chuong trinh dao tao dai hoc.docx",
    "filePath": "uploads\\evidences\\H1.01.01.02-Danh gia chat luong chuong trinh dao tao dai hoc.docx",
    "size": 41558,
    "mimeType": "application/vnd.openxmlformats-officedocument.wordprocessingml.document",
    "extension": ".docx",
    "type": "file",
    "evidenceId": "68e4da273f0a462ac90abe3d",
    "uploadedBy": "68d8b25effe9c2eccae088b0",
    "url": "/uploads/evidences/H1.01.01.02-Danh gia chat luong chuong trinh dao tao dai hoc.docx",
    "parentFolder": null,
    "children": [],
    "folderMetadata": {
      "fileCount": 0,
      "totalSize": 0
    },
    "status": "active",
    "virusScanResult": {
      "scanned": false,
      "clean": true
    },
    "downloadCount": 0,
    "uploadedAt": "2025-10-08T01:28:19.520Z",
    "updatedAt": "2025-10-08T01:28:19.521Z",
    "__v": 0
  },
  {
    "_id": "68eccb7908f57449aa63345c",
    "originalName": "template-cay-minh-chung.xlsx",
    "storedName": "H3.03.03.28-Quyet dinh phe duyet vi tri viec lam va so nguoi lam viec.xlsx",
    "filePath": "uploads\\evidences\\H3.03.03.28-Quyet dinh phe duyet vi tri viec lam va so nguoi lam viec.xlsx",
    "size": 12436,
    "mimeType": "application/vnd.openxmlformats-officedocument.spreadsheetml.sheet",
    "extension": ".xlsx",
    "type": "file",
    "evidenceId": "68ecc89e08f57449aa632b1d",
    "uploadedBy": "68d8b25effe9c2eccae088b0",
    "url": "/uploads/evidences/H3.03.03.28-Quyet dinh phe duyet vi tri viec lam va so nguoi lam viec.xlsx",
    "parentFolder": null,
    "children": [],
    "folderMetadata": {
      "fileCount": 0,
      "totalSize": 0
    },
    "status": "active",
    "virusScanResult": {
      "scanned": false,
      "clean": true
    },
    "downloadCount": 0,
    "uploadedAt": "2025-10-13T09:50:49.327Z",
    "updatedAt": "2025-10-13T09:50:49.327Z",
    "__v": 0
  },
  {
    "_id": "68eccb9d08f57449aa633483",
    "originalName": "Khoa ICT_HÆ°á»ng dáº«n trÃ¬nh bÃ y bÃ¡o cÃ¡o thá»±c táº­p FN1.docx",
    "storedName": "H3.03.03.28-Quyet dinh phe duyet vi tri viec lam va so nguoi lam viec.docx",
    "filePath": "uploads\\evidences\\H3.03.03.28-Quyet dinh phe duyet vi tri viec lam va so nguoi lam viec.docx",
    "size": 132343,
    "mimeType": "application/vnd.openxmlformats-officedocument.wordprocessingml.document",
    "extension": ".docx",
    "type": "file",
    "evidenceId": "68ecc89e08f57449aa632b1d",
    "uploadedBy": "68d8b25effe9c2eccae088b0",
    "url": "/uploads/evidences/H3.03.03.28-Quyet dinh phe duyet vi tri viec lam va so nguoi lam viec.docx",
    "parentFolder": null,
    "children": [],
    "folderMetadata": {
      "fileCount": 0,
      "totalSize": 0
    },
    "status": "active",
    "virusScanResult": {
      "scanned": false,
      "clean": true
    },
    "downloadCount": 0,
    "uploadedAt": "2025-10-13T09:51:25.838Z",
    "updatedAt": "2025-10-13T09:51:25.838Z",
    "__v": 0
  },
  {
    "_id": "68eccb9d08f57449aa633491",
    "originalName": "Máº«u 04. Nháº­t kÃ½ thá»±c táº­p nghá» nghiá»p.docx",
    "storedName": "H3.03.03.28-Quyet dinh phe duyet vi tri viec lam va so nguoi lam viec.docx",
    "filePath": "uploads\\evidences\\H3.03.03.28-Quyet dinh phe duyet vi tri viec lam va so nguoi lam viec.docx",
    "size": 40731,
    "mimeType": "application/vnd.openxmlformats-officedocument.wordprocessingml.document",
    "extension": ".docx",
    "type": "file",
    "evidenceId": "68ecc89e08f57449aa632b1d",
    "uploadedBy": "68d8b25effe9c2eccae088b0",
    "url": "/uploads/evidences/H3.03.03.28-Quyet dinh phe duyet vi tri viec lam va so nguoi lam viec.docx",
    "parentFolder": null,
    "children": [],
    "folderMetadata": {
      "fileCount": 0,
      "totalSize": 0
    },
    "status": "active",
    "virusScanResult": {
      "scanned": false,
      "clean": true
    },
    "downloadCount": 0,
    "uploadedAt": "2025-10-13T09:51:25.873Z",
    "updatedAt": "2025-10-13T09:51:25.873Z",
    "__v": 0
  },
  {
    "_id": "68eccb9d08f57449aa6334a0",
    "originalName": "Máº«u 06. Phiáº¿u Tá»± ÄÃ¡nh giÃ¡ thá»±c táº­p.docx",
    "storedName": "H3.03.03.28-Quyet dinh phe duyet vi tri viec lam va so nguoi lam viec.docx",
    "filePath": "uploads\\evidences\\H3.03.03.28-Quyet dinh phe duyet vi tri viec lam va so nguoi lam viec.docx",
    "size": 26715,
    "mimeType": "application/vnd.openxmlformats-officedocument.wordprocessingml.document",
    "extension": ".docx",
    "type": "file",
    "evidenceId": "68ecc89e08f57449aa632b1d",
    "uploadedBy": "68d8b25effe9c2eccae088b0",
    "url": "/uploads/evidences/H3.03.03.28-Quyet dinh phe duyet vi tri viec lam va so nguoi lam viec.docx",
    "parentFolder": null,
    "children": [],
    "folderMetadata": {
      "fileCount": 0,
      "totalSize": 0
    },
    "status": "active",
    "virusScanResult": {
      "scanned": false,
      "clean": true
    },
    "downloadCount": 0,
    "uploadedAt": "2025-10-13T09:51:25.912Z",
    "updatedAt": "2025-10-13T09:51:25.912Z",
    "__v": 0
  },
  {
    "_id": "68eccb9d08f57449aa6334b0",
    "originalName": "Máº«u 07. Phiáº¿u cháº¥m Äiá»m cá»§a giáº£ng viÃªn hÆ°á»ng dáº«n.docx",
    "storedName": "H3.03.03.28-Quyet dinh phe duyet vi tri viec lam va so nguoi lam viec.docx",
    "filePath": "uploads\\evidences\\H3.03.03.28-Quyet dinh phe duyet vi tri viec lam va so nguoi lam viec.docx",
    "size": 27716,
    "mimeType": "application/vnd.openxmlformats-officedocument.wordprocessingml.document",
    "extension": ".docx",
    "type": "file",
    "evidenceId": "68ecc89e08f57449aa632b1d",
    "uploadedBy": "68d8b25effe9c2eccae088b0",
    "url": "/uploads/evidences/H3.03.03.28-Quyet dinh phe duyet vi tri viec lam va so nguoi lam viec.docx",
    "parentFolder": null,
    "children": [],
    "folderMetadata": {
      "fileCount": 0,
      "totalSize": 0
    },
    "status": "active",
    "virusScanResult": {
      "scanned": false,
      "clean": true
    },
    "downloadCount": 0,
    "uploadedAt": "2025-10-13T09:51:25.963Z",
    "updatedAt": "2025-10-13T09:51:25.963Z",
    "__v": 0
  },
  {
    "_id": "68eccb9e08f57449aa6334c1",
    "originalName": "Máº«u 08. Phiáº¿u cháº¥m Äiá»m cá»§a ÄÆ¡n vá» thá»±c táº­p.docx",
    "storedName": "H3.03.03.28-Quyet dinh phe duyet vi tri viec lam va so nguoi lam viec.docx",
    "filePath": "uploads\\evidences\\H3.03.03.28-Quyet dinh phe duyet vi tri viec lam va so nguoi lam viec.docx",
    "size": 27432,
    "mimeType": "application/vnd.openxmlformats-officedocument.wordprocessingml.document",
    "extension": ".docx",
    "type": "file",
    "evidenceId": "68ecc89e08f57449aa632b1d",
    "uploadedBy": "68d8b25effe9c2eccae088b0",
    "url": "/uploads/evidences/H3.03.03.28-Quyet dinh phe duyet vi tri viec lam va so nguoi lam viec.docx",
    "parentFolder": null,
    "children": [],
    "folderMetadata": {
      "fileCount": 0,
      "totalSize": 0
    },
    "status": "active",
    "virusScanResult": {
      "scanned": false,
      "clean": true
    },
    "downloadCount": 0,
    "uploadedAt": "2025-10-13T09:51:26.017Z",
    "updatedAt": "2025-10-13T09:51:26.017Z",
    "__v": 0
  },
  {
    "_id": "68eccb9e08f57449aa6334d3",
    "originalName": "TranVietLoc_BIT230242_Káº¿ hoáº¡ch thá»±c táº­p nghá» nghiá»p.docx",
    "storedName": "H3.03.03.28-Quyet dinh phe duyet vi tri viec lam va so nguoi lam viec.docx",
    "filePath": "uploads\\evidences\\H3.03.03.28-Quyet dinh phe duyet vi tri viec lam va so nguoi lam viec.docx",
    "size": 41558,
    "mimeType": "application/vnd.openxmlformats-officedocument.wordprocessingml.document",
    "extension": ".docx",
    "type": "file",
    "evidenceId": "68ecc89e08f57449aa632b1d",
    "uploadedBy": "68d8b25effe9c2eccae088b0",
    "url": "/uploads/evidences/H3.03.03.28-Quyet dinh phe duyet vi tri viec lam va so nguoi lam viec.docx",
    "parentFolder": null,
    "children": [],
    "folderMetadata": {
      "fileCount": 0,
      "totalSize": 0
    },
    "status": "active",
    "virusScanResult": {
      "scanned": false,
      "clean": true
    },
    "downloadCount": 0,
    "uploadedAt": "2025-10-13T09:51:26.071Z",
    "updatedAt": "2025-10-13T09:51:26.071Z",
    "__v": 0
  },
  {
    "_id": "68edc7d81c02af4fa739d0da",
    "originalName": "Khoa ICT_HÆ°á»ng dáº«n trÃ¬nh bÃ y bÃ¡o cÃ¡o thá»±c táº­p FN1.docx",
    "storedName": "H1.01.01.01-Danh gia chat luong chuong trinh dao tao dai hoc.docx",
    "filePath": "uploads\\evidences\\H1.01.01.01-Danh gia chat luong chuong trinh dao tao dai hoc.docx",
    "size": 132343,
    "mimeType": "application/vnd.openxmlformats-officedocument.wordprocessingml.document",
    "extension": ".docx",
    "type": "file",
    "evidenceId": "68edc7c51c02af4fa739cfae",
    "uploadedBy": "68d8b25effe9c2eccae088b0",
    "url": "/uploads/evidences/H1.01.01.01-Danh gia chat luong chuong trinh dao tao dai hoc.docx",
    "parentFolder": null,
    "children": [],
    "folderMetadata": {
      "fileCount": 0,
      "totalSize": 0
    },
    "status": "active",
    "virusScanResult": {
      "scanned": false,
      "clean": true
    },
    "downloadCount": 0,
    "approvedBy": "68d8b25effe9c2eccae088b0",
    "approvalStatus": "approved",
    "approvalDate": "2025-10-14T03:47:36.205Z",
    "uploadedAt": "2025-10-14T03:47:36.206Z",
    "updatedAt": "2025-10-14T03:47:36.206Z",
    "__v": 0
  },
  {
    "_id": "68edcc661c02af4fa739d2fa",
    "originalName": "Máº«u 06. Phiáº¿u Tá»± ÄÃ¡nh giÃ¡ thá»±c táº­p.docx",
    "storedName": "H1.01.01.01-Danh gia chat luong chuong trinh dao tao dai hoc.docx",
    "filePath": "uploads\\evidences\\H1.01.01.01-Danh gia chat luong chuong trinh dao tao dai hoc.docx",
    "size": 26715,
    "mimeType": "application/vnd.openxmlformats-officedocument.wordprocessingml.document",
    "extension": ".docx",
    "type": "file",
    "evidenceId": "68edc7c51c02af4fa739cfae",
    "uploadedBy": "68d8b25effe9c2eccae088b0",
    "url": "/uploads/evidences/H1.01.01.01-Danh gia chat luong chuong trinh dao tao dai hoc.docx",
    "parentFolder": null,
    "children": [],
    "folderMetadata": {
      "fileCount": 0,
      "totalSize": 0
    },
    "status": "active",
    "virusScanResult": {
      "scanned": false,
      "clean": true
    },
    "downloadCount": 0,
    "approvedBy": "68d8b25effe9c2eccae088b0",
    "approvalStatus": "approved",
    "approvalDate": "2025-10-14T04:07:02.158Z",
    "uploadedAt": "2025-10-14T04:07:02.159Z",
    "updatedAt": "2025-10-14T04:07:02.159Z",
    "__v": 0
  },
  {
    "_id": "68edd06f1c02af4fa739d61f",
    "originalName": "template-cay-minh-chung.xlsx",
    "storedName": "H3.03.01.01-Quy che to chuc va hoat dong cua HV, Quy dinh chuc nang cac don vi.xlsx",
    "filePath": "uploads\\evidences\\H3.03.01.01-Quy che to chuc va hoat dong cua HV, Quy dinh chuc nang cac don vi.xlsx",
    "size": 12436,
    "mimeType": "application/vnd.openxmlformats-officedocument.spreadsheetml.sheet",
    "extension": ".xlsx",
    "type": "file",
    "evidenceId": "68edd05e1c02af4fa739d53c",
    "uploadedBy": "68d8b25effe9c2eccae088b0",
    "url": "/uploads/evidences/H3.03.01.01-Quy che to chuc va hoat dong cua HV, Quy dinh chuc nang cac don vi.xlsx",
    "parentFolder": null,
    "children": [],
    "folderMetadata": {
      "fileCount": 0,
      "totalSize": 0
    },
    "status": "active",
    "virusScanResult": {
      "scanned": false,
      "clean": true
    },
    "downloadCount": 0,
    "approvedBy": "68d8b25effe9c2eccae088b0",
    "approvalStatus": "approved",
    "approvalDate": "2025-10-14T04:24:15.890Z",
    "uploadedAt": "2025-10-14T04:24:15.890Z",
    "updatedAt": "2025-10-14T04:24:15.890Z",
    "__v": 0
  }
]