[
  {
    "_id": "68f09ec70c094272d999b658",
    "academicYearId": "68d8b25effe9c2eccae088b4",
    "reportId": "68ef42bea72266de4c21a303",
    "expertId": "68d8b25effe9c2eccae088b2",
    "assignedBy": "68d8b25effe9c2eccae088b1",
    "assignmentNote": "",
    "deadline": "2026-01-01T00:00:00.000Z",
    "priority": "normal",
    "evaluationCriteria": [],
    "status": "in_progress",
    "metadata": {
      "complexity": "medium"
    },
    "reminders": [],
    "createdAt": "2025-10-16T07:29:11.160Z",
    "updatedAt": "2025-10-18T15:15:06.456Z",
    "__v": 0,
    "respondedAt": "2025-10-18T15:15:04.817Z",
    "responseNote": "",
    "startedAt": "2025-10-18T15:15:06.455Z"
  },
  {
    "_id": "68f09ec70c094272d999b669",
    "academicYearId": "68d8b25effe9c2eccae088b4",
    "reportId": "68ef42bea72266de4c21a303",
    "expertId": "68dcf5de99a947aefc999740",
    "assignedBy": "68d8b25effe9c2eccae088b1",
    "assignmentNote": "",
    "deadline": "2026-01-01T00:00:00.000Z",
    "priority": "normal",
    "evaluationCriteria": [],
    "status": "pending",
    "metadata": {
      "complexity": "medium"
    },
    "reminders": [],
    "createdAt": "2025-10-16T07:29:11.220Z",
    "updatedAt": "2025-10-16T07:29:11.220Z",
    "__v": 0
  },
  {
    "_id": "68f09ec70c094272d999b67a",
    "academicYearId": "68d8b25effe9c2eccae088b4",
    "reportId": "68ef42bea72266de4c21a303",
    "expertId": "68ebc18d771e0df31e980506",
    "assignedBy": "68d8b25effe9c2eccae088b1",
    "assignmentNote": "",
    "deadline": "2026-01-01T00:00:00.000Z",
    "priority": "normal",
    "evaluationCriteria": [],
    "status": "in_progress",
    "metadata": {
      "complexity": "medium"
    },
    "reminders": [],
    "createdAt": "2025-10-16T07:29:11.281Z",
    "updatedAt": "2025-10-19T13:42:44.779Z",
    "__v": 0,
    "respondedAt": "2025-10-19T13:42:42.055Z",
    "responseNote": "",
    "evaluationId": "68f4ead4adb2f87b2a8d51e1",
    "startedAt": "2025-10-19T13:42:44.779Z"
  },
  {
    "_id": "68f0a1220c094272d999bced",
    "academicYearId": "68d8b25effe9c2eccae088b4",
    "reportId": "68ee0d3fa37ab6a028575a9e",
    "expertId": "68d8b25effe9c2eccae088b2",
    "assignedBy": "68d8b25effe9c2eccae088b1",
    "assignmentNote": "",
    "deadline": "2025-11-01T00:00:00.000Z",
    "priority": "normal",
    "evaluationCriteria": [],
    "status": "completed",
    "metadata": {
      "complexity": "medium",
      "actualDuration": 26.45
    },
    "reminders": [],
    "createdAt": "2025-10-16T07:39:14.775Z",
    "updatedAt": "2025-10-19T17:09:51.795Z",
    "__v": 0,
    "respondedAt": "2025-10-18T14:42:51.930Z",
    "responseNote": "",
    "startedAt": "2025-10-18T14:42:59.895Z",
    "completedAt": "2025-10-19T17:09:51.789Z",
    "evaluationId": "68f4c4891d055d4fff731b4e"
  },
  {
    "_id": "68f0a1220c094272d999bcfe",
    "academicYearId": "68d8b25effe9c2eccae088b4",
    "reportId": "68ee0d3fa37ab6a028575a9e",
    "expertId": "68dcf5de99a947aefc999740",
    "assignedBy": "68d8b25effe9c2eccae088b1",
    "assignmentNote": "",
    "deadline": "2025-11-01T00:00:00.000Z",
    "priority": "normal",
    "evaluationCriteria": [],
    "status": "pending",
    "metadata": {
      "complexity": "medium"
    },
    "reminders": [],
    "createdAt": "2025-10-16T07:39:14.822Z",
    "updatedAt": "2025-10-16T07:39:14.822Z",
    "__v": 0
  },
  {
    "_id": "68f0a1220c094272d999bd0f",
    "academicYearId": "68d8b25effe9c2eccae088b4",
    "reportId": "68ee0d3fa37ab6a028575a9e",
    "expertId": "68ebc18d771e0df31e980506",
    "assignedBy": "68d8b25effe9c2eccae088b1",
    "assignmentNote": "",
    "deadline": "2025-11-01T00:00:00.000Z",
    "priority": "normal",
    "evaluationCriteria": [],
    "status": "in_progress",
    "metadata": {
      "complexity": "medium"
    },
    "reminders": [],
    "createdAt": "2025-10-16T07:39:14.863Z",
    "updatedAt": "2025-10-19T13:37:02.284Z",
    "__v": 0,
    "respondedAt": "2025-10-19T13:36:59.127Z",
    "responseNote": "",
    "evaluationId": "68f4e97ec17eea40f8d24417",
    "startedAt": "2025-10-19T13:37:02.284Z"
  },
  {
    "_id": "68f1fe94a7c8ecb70bc55ece",
    "academicYearId": "68d8b25effe9c2eccae088b4",
    "reportId": "68f1f9c3a7c8ecb70bc5590c",
    "expertId": "68ebc18d771e0df31e980506",
    "assignedBy": "68d8b25effe9c2eccae088b1",
    "assignmentNote": "",
    "deadline": "2025-10-18T00:00:00.000Z",
    "priority": "high",
    "evaluationCriteria": [],
    "status": "in_progress",
    "metadata": {
      "complexity": "medium"
    },
    "reminders": [],
    "createdAt": "2025-10-17T08:30:12.885Z",
    "updatedAt": "2025-10-19T13:23:00.103Z",
    "__v": 0,
    "respondedAt": "2025-10-19T13:22:57.852Z",
    "responseNote": "",
    "startedAt": "2025-10-19T13:23:00.102Z"
  },
  {
    "_id": "68f1fe94a7c8ecb70bc55edf",
    "academicYearId": "68d8b25effe9c2eccae088b4",
    "reportId": "68f1f9c3a7c8ecb70bc5590c",
    "expertId": "68d8b25effe9c2eccae088b2",
    "assignedBy": "68d8b25effe9c2eccae088b1",
    "assignmentNote": "",
    "deadline": "2025-10-18T00:00:00.000Z",
    "priority": "high",
    "evaluationCriteria": [],
    "status": "completed",
    "metadata": {
      "complexity": "medium",
      "actualDuration": 40.9
    },
    "reminders": [],
    "createdAt": "2025-10-17T08:30:12.932Z",
    "updatedAt": "2025-10-20T07:33:34.538Z",
    "__v": 0,
    "respondedAt": "2025-10-17T09:07:26.224Z",
    "responseNote": "",
    "startedAt": "2025-10-18T14:39:50.881Z",
    "completedAt": "2025-10-20T07:33:34.536Z",
    "evaluationId": "68f4c45a1d055d4fff73198f"
  },
  {
    "_id": "68f20553765f939c3ecec897",
    "academicYearId": "68d8b25effe9c2eccae088b4",
    "reportId": "68f1f9c3a7c8ecb70bc5590c",
    "expertId": "68dcf5de99a947aefc999740",
    "assignedBy": "68d8b25effe9c2eccae088b1",
    "assignmentNote": "",
    "deadline": "2025-10-18T00:00:00.000Z",
    "priority": "normal",
    "evaluationCriteria": [],
    "status": "pending",
    "metadata": {
      "complexity": "medium"
    },
    "reminders": [],
    "createdAt": "2025-10-17T08:58:59.107Z",
    "updatedAt": "2025-10-17T08:58:59.107Z",
    "__v": 0
  },
  {
    "_id": "68f4ed94adb2f87b2a8d5ed7",
    "academicYearId": "68d8b25effe9c2eccae088b4",
    "reportId": "68f4ed74adb2f87b2a8d5dc1",
    "expertId": "68ebc18d771e0df31e980506",
    "assignedBy": "68d8b25effe9c2eccae088b1",
    "assignmentNote": "",
    "deadline": "2025-10-20T00:00:00.000Z",
    "priority": "normal",
    "evaluationCriteria": [],
    "status": "pending",
    "metadata": {
      "complexity": "medium"
    },
    "reminders": [],
    "createdAt": "2025-10-19T13:54:28.546Z",
    "updatedAt": "2025-10-19T13:54:28.546Z",
    "__v": 0
  },
  {
    "_id": "68f5da7364af5f2d25f1edca",
    "academicYearId": "68d8b25effe9c2eccae088b4",
    "reportId": "68f1f8dd7bdbb25c68a2fe05",
    "expertId": "68d8b25effe9c2eccae088b2",
    "assignedBy": "68d8b25effe9c2eccae088b1",
    "assignmentNote": "",
    "deadline": "2025-10-21T00:00:00.000Z",
    "priority": "normal",
    "evaluationCriteria": [],
    "status": "accepted",
    "metadata": {
      "complexity": "medium"
    },
    "reminders": [],
    "createdAt": "2025-10-20T06:45:07.554Z",
    "updatedAt": "2025-10-20T06:47:01.620Z",
    "__v": 0,
    "respondedAt": "2025-10-20T06:47:01.618Z",
    "responseNote": "Tôi chấp nhận phân quyền này"
  },
  {
    "_id": "68f5e7b02c6da859810d9469",
    "academicYearId": "68d8b25effe9c2eccae088b4",
    "reportId": "68f4ed74adb2f87b2a8d5dc1",
    "expertId": "68d8b25effe9c2eccae088b2",
    "assignedBy": "68d8b25effe9c2eccae088b1",
    "assignmentNote": "",
    "deadline": "2025-10-22T00:00:00.000Z",
    "priority": "normal",
    "evaluationCriteria": [],
    "status": "completed",
    "metadata": {
      "complexity": "medium",
      "actualDuration": 0
    },
    "reminders": [],
    "createdAt": "2025-10-20T07:41:36.692Z",
    "updatedAt": "2025-10-20T07:43:24.459Z",
    "__v": 0,
    "respondedAt": "2025-10-20T07:41:48.620Z",
    "responseNote": "Tôi chấp nhận phân quyền này",
    "evaluationId": "68f5e81a2c6da859810d973d",
    "startedAt": "2025-10-20T07:43:22.311Z",
    "completedAt": "2025-10-20T07:43:24.458Z"
  },
  {
    "_id": "68f5e8862c6da859810d9ad9",
    "academicYearId": "68d8b25effe9c2eccae088b4",
    "reportId": "68f09bb30c094272d999ae17",
    "expertId": "68d8b25effe9c2eccae088b2",
    "assignedBy": "68d8b25effe9c2eccae088b1",
    "assignmentNote": "",
    "deadline": "2025-10-22T00:00:00.000Z",
    "priority": "normal",
    "evaluationCriteria": [],
    "status": "completed",
    "metadata": {
      "complexity": "medium",
      "actualDuration": 0
    },
    "reminders": [],
    "createdAt": "2025-10-20T07:45:10.976Z",
    "updatedAt": "2025-10-20T07:52:25.445Z",
    "__v": 0,
    "respondedAt": "2025-10-20T07:45:21.436Z",
    "responseNote": "Tôi chấp nhận phân quyền này",
    "evaluationId": "68f5ea332c6da859810d9ea8",
    "startedAt": "2025-10-20T07:52:19.102Z",
    "completedAt": "2025-10-20T07:52:25.442Z"
  },
  {
    "_id": "68f5f1c12c6da859810dae5a",
    "academicYearId": "68d8b25effe9c2eccae088b4",
    "reportId": "68f5f0b62c6da859810dab53",
    "expertId": "68d8b25effe9c2eccae088b2",
    "assignedBy": "68d8b25effe9c2eccae088b1",
    "assignmentNote": "",
    "deadline": "2025-10-22T00:00:00.000Z",
    "priority": "normal",
    "evaluationCriteria": [],
    "status": "completed",
    "metadata": {
      "complexity": "medium",
      "actualDuration": 0
    },
    "reminders": [],
    "createdAt": "2025-10-20T08:24:33.246Z",
    "updatedAt": "2025-10-20T08:25:17.932Z",
    "__v": 0,
    "respondedAt": "2025-10-20T08:24:59.599Z",
    "responseNote": "Tôi chấp nhận phân quyền này",
    "evaluationId": "68f5f1ed2c6da859810dafb9",
    "startedAt": "2025-10-20T08:25:17.244Z",
    "completedAt": "2025-10-20T08:25:17.932Z"
  },
  {
    "_id": "68f5f28f2c6da859810db3fd",
    "academicYearId": "68d8b25effe9c2eccae088b4",
    "reportId": "68f20b79765f939c3eced0d4",
    "expertId": "68d8b25effe9c2eccae088b2",
    "assignedBy": "68d8b25effe9c2eccae088b1",
    "assignmentNote": "",
    "deadline": "2026-10-22T00:00:00.000Z",
    "priority": "normal",
    "evaluationCriteria": [],
    "status": "pending",
    "metadata": {
      "complexity": "medium"
    },
    "reminders": [],
    "createdAt": "2025-10-20T08:27:59.170Z",
    "updatedAt": "2025-10-20T08:27:59.170Z",
    "__v": 0
  },
  {
    "_id": "68f5f28f2c6da859810db40e",
    "academicYearId": "68d8b25effe9c2eccae088b4",
    "reportId": "68f20b79765f939c3eced0d4",
    "expertId": "68dcf5de99a947aefc999740",
    "assignedBy": "68d8b25effe9c2eccae088b1",
    "assignmentNote": "",
    "deadline": "2026-10-22T00:00:00.000Z",
    "priority": "normal",
    "evaluationCriteria": [],
    "status": "pending",
    "metadata": {
      "complexity": "medium"
    },
    "reminders": [],
    "createdAt": "2025-10-20T08:27:59.230Z",
    "updatedAt": "2025-10-20T08:27:59.230Z",
    "__v": 0
  },
  {
    "_id": "68f5f28f2c6da859810db41f",
    "academicYearId": "68d8b25effe9c2eccae088b4",
    "reportId": "68f20b79765f939c3eced0d4",
    "expertId": "68ebc18d771e0df31e980506",
    "assignedBy": "68d8b25effe9c2eccae088b1",
    "assignmentNote": "",
    "deadline": "2026-10-22T00:00:00.000Z",
    "priority": "normal",
    "evaluationCriteria": [],
    "status": "in_progress",
    "metadata": {
      "complexity": "medium"
    },
    "reminders": [],
    "createdAt": "2025-10-20T08:27:59.267Z",
    "updatedAt": "2025-10-20T08:29:18.400Z",
    "__v": 0,
    "respondedAt": "2025-10-20T08:28:55.142Z",
    "responseNote": "Tôi chấp nhận phân quyền này",
    "evaluationId": "68f5f2de2c6da859810db667",
    "startedAt": "2025-10-20T08:29:18.400Z"
  }
]