[
  {
    "_id": "68d8b25effe9c2eccae088ba",
    "academicYearId": "68d8b25effe9c2eccae088b4",
    "name": "Mục tiêu chương trình đào tạo được xây dựng phù hợp với tầm nhìn, sứ mệnh của cơ sở giáo dục",
    "code": "01",
    "standardId": "68d8b25effe9c2eccae088b7",
    "programId": "68d8b25effe9c2eccae088b6",
    "organizationId": "68d8b25effe9c2eccae088b5",
    "indicators": [
      {
        "name": "Tỷ lệ mục tiêu phù hợp",
        "description": "Tỷ lệ các mục tiêu phù hợp với tầm nhìn sứ mệnh",
        "measurementMethod": "Đánh giá định tính",
        "targetValue": "100%",
        "unit": "%"
      }
    ],
    "status": "active",
    "createdBy": "68d8b25effe9c2eccae088b0",
    "metadata": {
      "totalEvidences": 0,
      "totalFiles": 0,
      "completionRate": 0
    },
    "createdAt": "2025-09-28T03:58:22.077Z",
    "updatedAt": "2025-09-28T03:58:22.077Z"
  },
  {
    "_id": "68d8b25effe9c2eccae088bb",
    "academicYearId": "68d8b25effe9c2eccae088b4",
    "name": "Mục tiêu chương trình đào tạo được xây dựng phù hợp với yêu cầu của xã hội",
    "code": "02",
    "standardId": "68d8b25effe9c2eccae088b7",
    "programId": "68d8b25effe9c2eccae088b6",
    "organizationId": "68d8b25effe9c2eccae088b5",
    "indicators": [
      {
        "name": "Mức độ phù hợp với nhu cầu xã hội",
        "description": "Đánh giá mức độ phù hợp của mục tiêu với nhu cầu xã hội",
        "measurementMethod": "Khảo sát đánh giá",
        "targetValue": "≥ 4.0/5.0",
        "unit": "điểm"
      }
    ],
    "status": "active",
    "createdBy": "68d8b25effe9c2eccae088b0",
    "metadata": {
      "totalEvidences": 0,
      "totalFiles": 0,
      "completionRate": 0
    },
    "createdAt": "2025-09-28T03:58:22.077Z",
    "updatedAt": "2025-09-28T03:58:22.077Z"
  },
  {
    "_id": "68df4b6d805b3ef5b106bdba",
    "academicYearId": "68d8b25effe9c2eccae088b4",
    "name": "CĐR của CTĐT phản ánh được yêu cầu của các bên liên quan, được định kỳ rà soát, điều chỉnh và được công bố công khai.",
    "code": "03",
    "standardId": "68d8b25effe9c2eccae088b7",
    "programId": "68d8b25effe9c2eccae088b6",
    "organizationId": "68d8b25effe9c2eccae088b5",
    "indicators": [],
    "status": "active",
    "createdBy": "68d8b25effe9c2eccae088b0",
    "updatedBy": "68d8b25effe9c2eccae088b0",
    "metadata": {
      "totalEvidences": 0,
      "totalFiles": 0,
      "completionRate": 0
    },
    "createdAt": "2025-10-03T04:05:01.696Z",
    "updatedAt": "2025-10-03T04:05:01.696Z",
    "__v": 0
  }
]