[
  {
    "_id": "68d8b25effe9c2eccae088bc",
    "academicYearId": "68d8b25effe9c2eccae088b4",
    "code": "H1.01.01.01",
    "name": "Quyết định ban hành mục tiêu chương trình đào tạo",
    "description": "Quyết định của hiệu trưởng ban hành mục tiêu chương trình đào tạo ngành",
    "programId": "68d8b25effe9c2eccae088b6",
    "organizationId": "68d8b25effe9c2eccae088b5",
    "standardId": "68d8b25effe9c2eccae088b7",
    "criteriaId": "68d8b25effe9c2eccae088ba",
    "documentNumber": "123/QĐ-ĐHCMC",
    "issueDate": "2024-01-15T00:00:00.000Z",
    "effectiveDate": "2024-02-01T00:00:00.000Z",
    "issuingAgency": "Đại học Công nghệ Thành phố Hồ Chí Minh",
    "documentType": "Quyết định",
    "status": "active",
    "createdBy": "68d8b25effe9c2eccae088b1",
    "files": [
      "68df9de5bd63d7568a113778"
    ],
    "notes": "Quyết định ban hành mục tiêu chương trình đào tạo các ngành",
    "tags": [
      "mục tiêu",
      "chương trình đào tạo",
      "quyết định"
    ],
    "createdAt": "2025-09-28T03:58:22.082Z",
    "updatedAt": "2025-10-03T09:56:53.975Z",
    "changeHistory": [
      {
        "action": "created",
        "changedBy": "68d8b25effe9c2eccae088b1",
        "changedAt": "2025-09-28T03:58:22.082Z",
        "description": "Tạo mới minh chứng"
      },
      {
        "action": "updated",
        "changes": [
          "files",
          "updatedAt"
        ],
        "_id": "68df9de5bd63d7568a11377a",
        "changedAt": "2025-10-03T09:56:53.976Z"
      }
    ],
    "__v": 1,
    "downloadStats": {
      "totalDownloads": 0
    }
  },
  {
    "_id": "68d8b25effe9c2eccae088bd",
    "academicYearId": "68d8b25effe9c2eccae088b4",
    "code": "H1.01.02.01",
    "name": "Báo cáo khảo sát nhu cầu xã hội",
    "description": "Báo cáo kết quả khảo sát nhu cầu nguồn nhân lực của xã hội",
    "programId": "68d8b25effe9c2eccae088b6",
    "organizationId": "68d8b25effe9c2eccae088b5",
    "standardId": "68d8b25effe9c2eccae088b7",
    "criteriaId": "68d8b25effe9c2eccae088bb",
    "documentNumber": "BC-KS-2024",
    "issueDate": "2024-03-20T00:00:00.000Z",
    "effectiveDate": "2024-03-20T00:00:00.000Z",
    "issuingAgency": "Phòng Khảo thí và Đảm bảo chất lượng",
    "documentType": "Báo cáo",
    "status": "active",
    "createdBy": "68d8b25effe9c2eccae088b1",
    "files": [],
    "notes": "Báo cáo khảo sát nhu cầu nguồn nhân lực năm 2024",
    "tags": [
      "khảo sát",
      "nhu cầu xã hội",
      "báo cáo"
    ],
    "createdAt": "2025-09-28T03:58:22.082Z",
    "updatedAt": "2025-09-28T03:58:22.082Z",
    "changeHistory": [
      {
        "action": "created",
        "changedBy": "68d8b25effe9c2eccae088b1",
        "changedAt": "2025-09-28T03:58:22.082Z",
        "description": "Tạo mới minh chứng"
      }
    ]
  }
]