[
  {
    "_id": "68df9de5bd63d7568a113778",
    "originalName": "BÃ¡o cÃ¡o thá»±c táº­p nghá» nghiá»p.docx",
    "storedName": "H1.01.01.01-Quyet dinh ban hanh muc tieu chuong trinh dao tao.docx",
    "filePath": "uploads\\evidences\\H1.01.01.01-Quyet dinh ban hanh muc tieu chuong trinh dao tao.docx",
    "size": 133831,
    "mimeType": "application/vnd.openxmlformats-officedocument.wordprocessingml.document",
    "extension": ".docx",
    "type": "file",
    "evidenceId": "68d8b25effe9c2eccae088bc",
    "uploadedBy": "68d8b25effe9c2eccae088b0",
    "url": "/uploads/evidences/H1.01.01.01-Quyet dinh ban hanh muc tieu chuong trinh dao tao.docx",
    "parentFolder": null,
    "children": [],
    "folderMetadata": {
      "fileCount": 0,
      "totalSize": 0
    },
    "status": "active",
    "virusScanResult": {
      "scanned": false,
      "clean": true
    },
    "downloadCount": 0,
    "uploadedAt": "2025-10-03T09:56:53.950Z",
    "updatedAt": "2025-10-03T09:56:53.950Z",
    "__v": 0
  }
]