[
  {
    "_id": "68d8b25effe9c2eccae088b5",
    "academicYearId": "68d8b25effe9c2eccae088b4",
    "name": "Bộ Giáo dục và Đào tạo",
    "code": "MOET",
    "level": "national",
    "contactEmail": "contact@moet.gov.vn",
    "contactPhone": "0243 869 8113",
    "status": "active",
    "createdBy": "68d8b25effe9c2eccae088b0",
    "updatedBy": "68d8b25effe9c2eccae088b0",
    "metadata": {
      "totalPrograms": 1,
      "totalStandards": 3,
      "totalEvidences": 2
    },
    "createdAt": "2025-09-28T03:58:22.070Z",
    "updatedAt": "2025-09-28T03:58:22.070Z"
  }
]