[
  {
    "_id": "68d8b25effe9c2eccae088b6",
    "academicYearId": "68d8b25effe9c2eccae088b4",
    "name": "Đánh giá chất lượng chương trình đào tạo đại học",
    "code": "DGCL-DH",
    "applicableYear": 2024,
    "status": "active",
    "effectiveDate": "2024-01-01T00:00:00.000Z",
    "expiryDate": "2026-12-31T00:00:00.000Z",
    "objectives": "Đảm bảo chất lượng đào tạo đại học theo tiêu chuẩn quốc gia",
    "guidelines": "Hướng dẫn đánh giá chất lượng theo quy định của Bộ GD&ĐT",
    "createdBy": "68d8b25effe9c2eccae088b0",
    "updatedBy": "68d8b25effe9c2eccae088b0",
    "metadata": {
      "totalStandards": 3,
      "totalCriteria": 2,
      "totalEvidences": 2
    },
    "createdAt": "2025-09-28T03:58:22.071Z",
    "updatedAt": "2025-09-28T03:58:22.071Z"
  }
]