[
  {
    "_id": "68d8b25effe9c2eccae088b7",
    "academicYearId": "68d8b25effe9c2eccae088b4",
    "name": "Mục tiêu chương trình đào tạo",
    "code": "1",
    "programId": "68d8b25effe9c2eccae088b6",
    "organizationId": "68d8b25effe9c2eccae088b5",
    "objectives": "Đánh giá tính phù hợp của mục tiêu chương trình đào tạo",
    "status": "active",
    "createdBy": "68d8b25effe9c2eccae088b0",
    "metadata": {
      "totalCriteria": 0,
      "totalEvidences": 0,
      "completionRate": 0
    },
    "createdAt": "2025-09-28T03:58:22.073Z",
    "updatedAt": "2025-09-28T03:58:22.073Z"
  },
  {
    "_id": "68d8b25effe9c2eccae088b8",
    "academicYearId": "68d8b25effe9c2eccae088b4",
    "name": "Chuẩn đầu ra chương trình đào tạo",
    "code": "2",
    "programId": "68d8b25effe9c2eccae088b6",
    "organizationId": "68d8b25effe9c2eccae088b5",
    "objectives": "Đánh giá chất lượng chuẩn đầu ra",
    "status": "active",
    "createdBy": "68d8b25effe9c2eccae088b0",
    "metadata": {
      "totalCriteria": 0,
      "totalEvidences": 0,
      "completionRate": 0
    },
    "createdAt": "2025-09-28T03:58:22.073Z",
    "updatedAt": "2025-09-28T03:58:22.073Z"
  },
  {
    "_id": "68d8b25effe9c2eccae088b9",
    "academicYearId": "68d8b25effe9c2eccae088b4",
    "name": "Chương trình đào tạo",
    "code": "3",
    "programId": "68d8b25effe9c2eccae088b6",
    "organizationId": "68d8b25effe9c2eccae088b5",
    "objectives": "Đánh giá chất lượng thiết kế chương trình đào tạo",
    "status": "active",
    "createdBy": "68d8b25effe9c2eccae088b0",
    "metadata": {
      "totalCriteria": 0,
      "totalEvidences": 0,
      "completionRate": 0
    },
    "createdAt": "2025-09-28T03:58:22.073Z",
    "updatedAt": "2025-09-28T03:58:22.073Z"
  }
]