[
  {
    "_id": "68d8b25effe9c2eccae088ba",
    "academicYearId": "68d8b25effe9c2eccae088b4",
    "name": "Mục tiêu chương trình đào tạo được xây dựng phù hợp với tầm nhìn, sứ mệnh của cơ sở giáo dục",
    "code": "01",
    "standardId": "68d8b25effe9c2eccae088b7",
    "programId": "68d8b25effe9c2eccae088b6",
    "organizationId": "68d8b25effe9c2eccae088b5",
    "indicators": [
      {
        "name": "Tỷ lệ mục tiêu phù hợp",
        "description": "Tỷ lệ các mục tiêu phù hợp với tầm nhìn sứ mệnh",
        "measurementMethod": "Đánh giá định tính",
        "targetValue": "100%",
        "unit": "%"
      }
    ],
    "status": "active",
    "createdBy": "68d8b25effe9c2eccae088b0",
    "metadata": {
      "totalEvidences": 0,
      "totalFiles": 0,
      "completionRate": 0
    },
    "createdAt": "2025-09-28T03:58:22.077Z",
    "updatedAt": "2025-09-28T03:58:22.077Z"
  },
  {
    "_id": "68d8b25effe9c2eccae088bb",
    "academicYearId": "68d8b25effe9c2eccae088b4",
    "name": "Mục tiêu chương trình đào tạo được xây dựng phù hợp với yêu cầu của xã hội",
    "code": "02",
    "standardId": "68d8b25effe9c2eccae088b7",
    "programId": "68d8b25effe9c2eccae088b6",
    "organizationId": "68d8b25effe9c2eccae088b5",
    "indicators": [
      {
        "name": "Mức độ phù hợp với nhu cầu xã hội",
        "description": "Đánh giá mức độ phù hợp của mục tiêu với nhu cầu xã hội",
        "measurementMethod": "Khảo sát đánh giá",
        "targetValue": "≥ 4.0/5.0",
        "unit": "điểm"
      }
    ],
    "status": "active",
    "createdBy": "68d8b25effe9c2eccae088b0",
    "metadata": {
      "totalEvidences": 0,
      "totalFiles": 0,
      "completionRate": 0
    },
    "createdAt": "2025-09-28T03:58:22.077Z",
    "updatedAt": "2025-09-28T03:58:22.077Z"
  },
  {
    "_id": "68df4b6d805b3ef5b106bdba",
    "academicYearId": "68d8b25effe9c2eccae088b4",
    "name": "CĐR của CTĐT phản ánh được yêu cầu của các bên liên quan, được định kỳ rà soát, điều chỉnh và được công bố công khai.",
    "code": "03",
    "standardId": "68d8b25effe9c2eccae088b7",
    "programId": "68d8b25effe9c2eccae088b6",
    "organizationId": "68d8b25effe9c2eccae088b5",
    "indicators": [],
    "status": "active",
    "createdBy": "68d8b25effe9c2eccae088b0",
    "updatedBy": "68d8b25effe9c2eccae088b0",
    "metadata": {
      "totalEvidences": 0,
      "totalFiles": 0,
      "completionRate": 0
    },
    "createdAt": "2025-10-03T04:05:01.696Z",
    "updatedAt": "2025-10-03T04:05:01.696Z",
    "__v": 0
  },
  {
    "_id": "68e72ba78ae50092346d92e4",
    "academicYearId": "67479b24dd26de3b1c5acfb3",
    "name": "Tiêu chí 1.1: Mục tiêu CTĐT",
    "code": "01",
    "standardId": "68e72ba78ae50092346d92d4",
    "programId": "674e0ac63d1c11c1c5c37c3d",
    "organizationId": "674e0b043d1c11c1c5c37c4a",
    "status": "active",
    "createdBy": "67479b24dd26de3b1c5acfb0",
    "updatedBy": "67479b24dd26de3b1c5acfb0",
    "metadata": {
      "totalEvidences": 0,
      "totalFiles": 0,
      "completionRate": 0
    },
    "indicators": [],
    "createdAt": "2025-10-09T03:27:35.798Z",
    "updatedAt": "2025-10-09T03:27:35.798Z",
    "__v": 0
  },
  {
    "_id": "68e72ba78ae50092346d92e6",
    "academicYearId": "67479b24dd26de3b1c5acfb3",
    "name": "Tiêu chí 1.2: CĐR được xác định",
    "code": "02",
    "standardId": "68e72ba78ae50092346d92d4",
    "programId": "674e0ac63d1c11c1c5c37c3d",
    "organizationId": "674e0b043d1c11c1c5c37c4a",
    "status": "active",
    "createdBy": "67479b24dd26de3b1c5acfb0",
    "updatedBy": "67479b24dd26de3b1c5acfb0",
    "metadata": {
      "totalEvidences": 0,
      "totalFiles": 0,
      "completionRate": 0
    },
    "indicators": [],
    "createdAt": "2025-10-09T03:27:35.800Z",
    "updatedAt": "2025-10-09T03:27:35.800Z",
    "__v": 0
  },
  {
    "_id": "68e72ba78ae50092346d92e8",
    "academicYearId": "67479b24dd26de3b1c5acfb3",
    "name": "Tiêu chí 2.1: Cấu trúc CT",
    "code": "01",
    "standardId": "68e72ba78ae50092346d92e0",
    "programId": "674e0ac63d1c11c1c5c37c3d",
    "organizationId": "674e0b043d1c11c1c5c37c4a",
    "status": "active",
    "createdBy": "67479b24dd26de3b1c5acfb0",
    "updatedBy": "67479b24dd26de3b1c5acfb0",
    "metadata": {
      "totalEvidences": 0,
      "totalFiles": 0,
      "completionRate": 0
    },
    "indicators": [],
    "createdAt": "2025-10-09T03:27:35.801Z",
    "updatedAt": "2025-10-09T03:27:35.801Z",
    "__v": 0
  },
  {
    "_id": "68e72ba78ae50092346d92ea",
    "academicYearId": "67479b24dd26de3b1c5acfb3",
    "name": "Tiêu chí 3.1: Đội ngũ GV",
    "code": "01",
    "standardId": "68e72ba78ae50092346d92e2",
    "programId": "674e0ac63d1c11c1c5c37c3d",
    "organizationId": "674e0b043d1c11c1c5c37c4a",
    "status": "active",
    "createdBy": "67479b24dd26de3b1c5acfb0",
    "updatedBy": "67479b24dd26de3b1c5acfb0",
    "metadata": {
      "totalEvidences": 0,
      "totalFiles": 0,
      "completionRate": 0
    },
    "indicators": [],
    "createdAt": "2025-10-09T03:27:35.803Z",
    "updatedAt": "2025-10-09T03:27:35.803Z",
    "__v": 0
  },
  {
    "_id": "68e73ca83e655fe48c299de0",
    "academicYearId": "60c72b2f9a941a0015b6d5f6",
    "name": "Tiêu chí 1.01: Mục tiêu chương trình đào tạo được xây dựng phù hợp với tầm nhìn, sứ mệnh của cơ sở giáo dục",
    "code": "01",
    "standardId": "68e73ca83e655fe48c299dde",
    "programId": "68d8b25effe9c2eccae088b6",
    "organizationId": "68d8b25effe9c2eccae088b5",
    "status": "draft",
    "createdBy": "60c72b2f9a941a0015b6d5f7",
    "updatedBy": "60c72b2f9a941a0015b6d5f7",
    "metadata": {
      "totalEvidences": 0,
      "totalFiles": 0,
      "completionRate": 0
    },
    "indicators": [],
    "createdAt": "2025-10-09T04:40:08.890Z",
    "updatedAt": "2025-10-09T04:40:08.890Z",
    "__v": 0
  },
  {
    "_id": "68e755736e6500ddff698f69",
    "academicYearId": "60c72b2f9a941a0015b6d5f6",
    "name": "Tiêu chí 1.1: Mục tiêu của CTĐT được xác định rõ ràng",
    "code": "01",
    "standardId": "68e755736e6500ddff698f67",
    "programId": "68d8b25effe9c2eccae088b6",
    "organizationId": "68d8b25effe9c2eccae088b5",
    "status": "draft",
    "createdBy": "60c72b2f9a941a0015b6d5f7",
    "updatedBy": "60c72b2f9a941a0015b6d5f7",
    "metadata": {
      "totalEvidences": 0,
      "totalFiles": 0,
      "completionRate": 0
    },
    "indicators": [],
    "createdAt": "2025-10-09T06:25:55.226Z",
    "updatedAt": "2025-10-09T06:25:55.226Z",
    "__v": 0
  },
  {
    "_id": "68e764418e605a4828634bcd",
    "academicYearId": "68d8b25effe9c2eccae088b4",
    "name": "Mục tiêu của CTĐT được xác định rõ ràng",
    "code": "1",
    "standardId": "68e764418e605a4828634bcb",
    "programId": "68d8b25effe9c2eccae088b6",
    "organizationId": "68d8b25effe9c2eccae088b5",
    "status": "draft",
    "createdBy": "68d8b25effe9c2eccae088b0",
    "updatedBy": "68d8b25effe9c2eccae088b0",
    "metadata": {
      "totalEvidences": 0,
      "totalFiles": 0,
      "completionRate": 0
    },
    "indicators": [],
    "createdAt": "2025-10-09T07:29:05.743Z",
    "updatedAt": "2025-10-09T07:29:05.743Z",
    "__v": 0
  },
  {
    "_id": "68e7664c8e605a4828634ccf",
    "academicYearId": "68d8b25effe9c2eccae088b4",
    "name": "Hệ thống quản trị (bao gồm hội đồng quản trị hoặc hội đồng trường; các tổ chức đảng, đoàn thể; các hội đồng tư vấn khác) được thành lập theo quy định của pháp luật nhằm thiết lập định hướng chiến lược phù hợp với bối cảnh cụ thể của CSGD; đảm bảo trách nhiệm giải trình, tính bền vững, sự minh bạch và giảm thiểu các rủi ro tiềm tàng trong quá trình quản trị của CSGD.",
    "code": "1",
    "standardId": "68d8b25effe9c2eccae088b8",
    "programId": "68d8b25effe9c2eccae088b6",
    "organizationId": "68d8b25effe9c2eccae088b5",
    "status": "draft",
    "createdBy": "68d8b25effe9c2eccae088b0",
    "updatedBy": "68d8b25effe9c2eccae088b0",
    "metadata": {
      "totalEvidences": 0,
      "totalFiles": 0,
      "completionRate": 0
    },
    "indicators": [],
    "createdAt": "2025-10-09T07:37:48.733Z",
    "updatedAt": "2025-10-09T07:37:48.733Z",
    "__v": 0
  },
  {
    "_id": "68e7682af301daf1305d63e4",
    "academicYearId": "68d8b25effe9c2eccae088b4",
    "name": "Đề cương các học phần đầy đủ thông tin và cập nhật",
    "code": "02",
    "standardId": "68d8b25effe9c2eccae088b8",
    "programId": "68d8b25effe9c2eccae088b6",
    "organizationId": "68d8b25effe9c2eccae088b5",
    "status": "draft",
    "createdBy": "68d8b25effe9c2eccae088b0",
    "updatedBy": "68d8b25effe9c2eccae088b0",
    "metadata": {
      "totalEvidences": 0,
      "totalFiles": 0,
      "completionRate": 0
    },
    "indicators": [],
    "createdAt": "2025-10-09T07:45:46.459Z",
    "updatedAt": "2025-10-09T07:45:46.459Z",
    "__v": 0
  },
  {
    "_id": "68e7682af301daf1305d63fe",
    "academicYearId": "68d8b25effe9c2eccae088b4",
    "name": "Bản mô tả CTĐT và đề cương các học phần được công bố công khai và các bên liên quan dễ dàng tiếp cận.",
    "code": "03",
    "standardId": "68d8b25effe9c2eccae088b8",
    "programId": "68d8b25effe9c2eccae088b6",
    "organizationId": "68d8b25effe9c2eccae088b5",
    "status": "draft",
    "createdBy": "68d8b25effe9c2eccae088b0",
    "updatedBy": "68d8b25effe9c2eccae088b0",
    "metadata": {
      "totalEvidences": 0,
      "totalFiles": 0,
      "completionRate": 0
    },
    "indicators": [],
    "createdAt": "2025-10-09T07:45:46.519Z",
    "updatedAt": "2025-10-09T07:45:46.519Z",
    "__v": 0
  },
  {
    "_id": "68e76a1df301daf1305d67c3",
    "academicYearId": "68d8b25effe9c2eccae088b4",
    "name": "CTDH được thiết kế dựa trên CĐR.",
    "code": "01",
    "standardId": "68d8b25effe9c2eccae088b9",
    "programId": "68d8b25effe9c2eccae088b6",
    "organizationId": "68d8b25effe9c2eccae088b5",
    "status": "draft",
    "createdBy": "68d8b25effe9c2eccae088b0",
    "updatedBy": "68d8b25effe9c2eccae088b0",
    "metadata": {
      "totalEvidences": 0,
      "totalFiles": 0,
      "completionRate": 0
    },
    "indicators": [],
    "createdAt": "2025-10-09T07:54:05.263Z",
    "updatedAt": "2025-10-09T07:54:05.263Z",
    "__v": 0
  },
  {
    "_id": "68e76a1df301daf1305d67ef",
    "academicYearId": "68d8b25effe9c2eccae088b4",
    "name": "Đóng góp của mỗi học phần trong việc đạt được CĐR là rõ ràng.",
    "code": "02",
    "standardId": "68d8b25effe9c2eccae088b9",
    "programId": "68d8b25effe9c2eccae088b6",
    "organizationId": "68d8b25effe9c2eccae088b5",
    "status": "draft",
    "createdBy": "68d8b25effe9c2eccae088b0",
    "updatedBy": "68d8b25effe9c2eccae088b0",
    "metadata": {
      "totalEvidences": 0,
      "totalFiles": 0,
      "completionRate": 0
    },
    "indicators": [],
    "createdAt": "2025-10-09T07:54:05.351Z",
    "updatedAt": "2025-10-09T07:54:05.351Z",
    "__v": 0
  },
  {
    "_id": "68e76a1df301daf1305d6815",
    "academicYearId": "68d8b25effe9c2eccae088b4",
    "name": "CTDH có cấu trúc, trình tự logic; nội dung cập nhật và có tính tích hợp.",
    "code": "03",
    "standardId": "68d8b25effe9c2eccae088b9",
    "programId": "68d8b25effe9c2eccae088b6",
    "organizationId": "68d8b25effe9c2eccae088b5",
    "status": "draft",
    "createdBy": "68d8b25effe9c2eccae088b0",
    "updatedBy": "68d8b25effe9c2eccae088b0",
    "metadata": {
      "totalEvidences": 0,
      "totalFiles": 0,
      "completionRate": 0
    },
    "indicators": [],
    "createdAt": "2025-10-09T07:54:05.397Z",
    "updatedAt": "2025-10-09T07:54:05.397Z",
    "__v": 0
  },
  {
    "_id": "68e775d5f301daf1305d6f50",
    "academicYearId": "68da10d2699a76a3e6237f55",
    "name": "CTDH được thiết kế dựa trên CĐR.",
    "code": "01",
    "standardId": "68e775d5f301daf1305d6f4e",
    "programId": "68e77583f301daf1305d6e8a",
    "organizationId": "68e775c8f301daf1305d6ede",
    "status": "draft",
    "createdBy": "68d8b25effe9c2eccae088b0",
    "updatedBy": "68d8b25effe9c2eccae088b0",
    "metadata": {
      "totalEvidences": 0,
      "totalFiles": 0,
      "completionRate": 0
    },
    "indicators": [],
    "createdAt": "2025-10-09T08:44:05.387Z",
    "updatedAt": "2025-10-09T08:44:05.387Z",
    "__v": 0
  },
  {
    "_id": "68e775d5f301daf1305d6f7c",
    "academicYearId": "68da10d2699a76a3e6237f55",
    "name": "Đóng góp của mỗi học phần trong việc đạt được CĐR là rõ ràng.",
    "code": "02",
    "standardId": "68e775d5f301daf1305d6f4e",
    "programId": "68e77583f301daf1305d6e8a",
    "organizationId": "68e775c8f301daf1305d6ede",
    "status": "draft",
    "createdBy": "68d8b25effe9c2eccae088b0",
    "updatedBy": "68d8b25effe9c2eccae088b0",
    "metadata": {
      "totalEvidences": 0,
      "totalFiles": 0,
      "completionRate": 0
    },
    "indicators": [],
    "createdAt": "2025-10-09T08:44:05.465Z",
    "updatedAt": "2025-10-09T08:44:05.465Z",
    "__v": 0
  },
  {
    "_id": "68e775d5f301daf1305d6fa2",
    "academicYearId": "68da10d2699a76a3e6237f55",
    "name": "CTDH có cấu trúc, trình tự logic; nội dung cập nhật và có tính tích hợp.",
    "code": "03",
    "standardId": "68e775d5f301daf1305d6f4e",
    "programId": "68e77583f301daf1305d6e8a",
    "organizationId": "68e775c8f301daf1305d6ede",
    "status": "draft",
    "createdBy": "68d8b25effe9c2eccae088b0",
    "updatedBy": "68d8b25effe9c2eccae088b0",
    "metadata": {
      "totalEvidences": 0,
      "totalFiles": 0,
      "completionRate": 0
    },
    "indicators": [],
    "createdAt": "2025-10-09T08:44:05.538Z",
    "updatedAt": "2025-10-09T08:44:05.538Z",
    "__v": 0
  }
]