[
  {
    "_id": "68d8b25effe9c2eccae088b6",
    "academicYearId": "68d8b25effe9c2eccae088b4",
    "name": "Đánh giá chất lượng chương trình đào tạo đại học",
    "code": "DGCL-DH",
    "applicableYear": 2024,
    "status": "active",
    "effectiveDate": "2024-01-01T00:00:00.000Z",
    "expiryDate": "2026-12-31T00:00:00.000Z",
    "objectives": "Đảm bảo chất lượng đào tạo đại học theo tiêu chuẩn quốc gia",
    "guidelines": "Hướng dẫn đánh giá chất lượng theo quy định của Bộ GD&ĐT",
    "createdBy": "68d8b25effe9c2eccae088b0",
    "updatedBy": "68d8b25effe9c2eccae088b0",
    "metadata": {
      "totalStandards": 3,
      "totalCriteria": 2,
      "totalEvidences": 2
    },
    "createdAt": "2025-09-28T03:58:22.071Z",
    "updatedAt": "2025-09-28T03:58:22.071Z"
  },
  {
    "_id": "68e77583f301daf1305d6e8a",
    "academicYearId": "68da10d2699a76a3e6237f55",
    "name": "Đánh giá chất lượng chương trình đào tạo đại học",
    "code": "DGCL",
    "applicableYear": 2026,
    "status": "draft",
    "effectiveDate": "2025-03-08T00:00:00.000Z",
    "expiryDate": "2026-10-31T00:00:00.000Z",
    "objectives": "",
    "createdBy": "68d8b25effe9c2eccae088b0",
    "updatedBy": "68d8b25effe9c2eccae088b0",
    "metadata": {
      "totalStandards": 0,
      "totalCriteria": 0,
      "totalEvidences": 0
    },
    "createdAt": "2025-10-09T08:42:43.546Z",
    "updatedAt": "2025-10-09T08:42:43.546Z",
    "__v": 0
  }
]