[
  {
    "_id": "68e0874e578adf58b246f65e",
    "code": "SUPER_ADMIN",
    "createdAt": "2025-10-04T02:32:46.533Z",
    "description": "Toàn quyền quản trị hệ thống",
    "members": [
      "68d8b25effe9c2eccae088b0"
    ],
    "metadata": {
      "color": "#DC2626",
      "icon": "shield",
      "autoAssign": false
    },
    "name": "Quản trị viên hệ thống",
    "permissions": [
      "68de1ba2c63d44cee2115b0f",
      "68de1ba2c63d44cee2115b10",
      "68de1ba2c63d44cee2115b11",
      "68de1ba2c63d44cee2115b12",
      "68de1ba2c63d44cee2115b13",
      "68de1ba2c63d44cee2115b14",
      "68de1ba2c63d44cee2115b15",
      "68de1ba2c63d44cee2115b16",
      "68de1ba2c63d44cee2115b17",
      "68de1ba2c63d44cee2115b18",
      "68de1ba2c63d44cee2115b19",
      "68de1ba2c63d44cee2115b1a",
      "68de1ba2c63d44cee2115b1b",
      "68de1ba2c63d44cee2115b1c",
      "68de1ba2c63d44cee2115b1d",
      "68de1ba2c63d44cee2115b1e",
      "68de1ba2c63d44cee2115b1f",
      "68de1ba2c63d44cee2115b20",
      "68de1ba2c63d44cee2115b21",
      "68de1ba2c63d44cee2115b22",
      "68de1ba2c63d44cee2115b23",
      "68de1ba2c63d44cee2115b24",
      "68de1ba2c63d44cee2115b25",
      "68de1ba2c63d44cee2115b26",
      "68de1ba2c63d44cee2115b27",
      "68de1ba2c63d44cee2115b28",
      "68de1ba2c63d44cee2115b29",
      "68de1ba2c63d44cee2115b2a",
      "68de1ba2c63d44cee2115b2b",
      "68de1ba2c63d44cee2115b2c",
      "68de1ba2c63d44cee2115b2d",
      "68de1ba2c63d44cee2115b2e",
      "68de1ba2c63d44cee2115b30",
      "68de1ba2c63d44cee2115b31",
      "68de1ba2c63d44cee2115b32",
      "68de1ba2c63d44cee2115b33",
      "68de1ba2c63d44cee2115b34",
      "68de1ba2c63d44cee2115b35",
      "68de1ba2c63d44cee2115b36",
      "68de1ba2c63d44cee2115b37",
      "68de1ba2c63d44cee2115b38",
      "68de1ba2c63d44cee2115b39"
    ],
    "priority": 100,
    "status": "active",
    "type": "system",
    "updatedAt": "2025-10-04T04:29:15.801Z",
    "__v": 1,
    "updatedBy": "68d8b25effe9c2eccae088b0"
  },
  {
    "_id": "68e0874e578adf58b246f65f",
    "code": "REPORT_MANAGER",
    "createdAt": "2025-10-04T02:32:46.535Z",
    "description": "Quản lý và phê duyệt báo cáo tự đánh giá",
    "members": [
      "68d8b25effe9c2eccae088b1"
    ],
    "metadata": {
      "color": "#2563EB",
      "icon": "file-text",
      "autoAssign": false
    },
    "name": "Cán bộ quản lý báo cáo TĐG",
    "permissions": [
      "68de1ba2c63d44cee2115b0f",
      "68de1ba2c63d44cee2115b10",
      "68de1ba2c63d44cee2115b11",
      "68de1ba2c63d44cee2115b12",
      "68de1ba2c63d44cee2115b13",
      "68de1ba2c63d44cee2115b14",
      "68de1ba2c63d44cee2115b18",
      "68de1ba2c63d44cee2115b19",
      "68de1ba2c63d44cee2115b1a",
      "68de1ba2c63d44cee2115b1c",
      "68de1ba2c63d44cee2115b1f",
      "68de1ba2c63d44cee2115b21",
      "68de1ba2c63d44cee2115b23",
      "68de1ba2c63d44cee2115b25",
      "68de1ba2c63d44cee2115b27",
      "68de1ba2c63d44cee2115b29",
      "68de1ba2c63d44cee2115b2b",
      "68de1ba2c63d44cee2115b2d",
      "68de1ba2c63d44cee2115b2f",
      "68de1ba2c63d44cee2115b31",
      "68de1ba2c63d44cee2115b36",
      "68de1ba2c63d44cee2115b39",
      "68de1ba2c63d44cee2115b16",
      "68de1ba2c63d44cee2115b1b",
      "68de1ba2c63d44cee2115b20",
      "68de1ba2c63d44cee2115b24",
      "68de1ba2c63d44cee2115b28",
      "68de1ba2c63d44cee2115b2c",
      "68de1ba2c63d44cee2115b30",
      "68de1ba2c63d44cee2115b34",
      "68de1ba2c63d44cee2115b15",
      "68de1ba2c63d44cee2115b17",
      "68de1ba2c63d44cee2115b33",
      "68de1ba2c63d44cee2115b35",
      "68de1ba2c63d44cee2115b37"
    ],
    "priority": 80,
    "status": "active",
    "type": "system",
    "updatedAt": "2025-10-04T02:32:46.535Z"
  },
  {
    "_id": "68e0874e578adf58b246f660",
    "code": "EVALUATION_EXPERT",
    "createdAt": "2025-10-04T02:32:46.540Z",
    "description": "Thực hiện đánh giá các tiêu chí",
    "members": [
      "68d8b25effe9c2eccae088b2",
      "68dcf5de99a947aefc999740"
    ],
    "metadata": {
      "color": "#10B981",
      "icon": "clipboard-check",
      "autoAssign": false
    },
    "name": "Chuyên gia đánh giá",
    "permissions": [
      "68de1ba2c63d44cee2115b2f",
      "68de1ba2c63d44cee2115b30",
      "68de1ba2c63d44cee2115b31",
      "68de1ba2c63d44cee2115b33",
      "68de1ba2c63d44cee2115b34",
      "68de1ba2c63d44cee2115b35",
      "68de1ba2c63d44cee2115b23",
      "68de1ba2c63d44cee2115b24",
      "68de1ba2c63d44cee2115b25",
      "68de1ba2c63d44cee2115b15",
      "68de1ba2c63d44cee2115b16",
      "68de1ba2c63d44cee2115b17",
      "68de1ba2c63d44cee2115b2b",
      "68de1ba2c63d44cee2115b2c",
      "68de1ba2c63d44cee2115b2d",
      "68de1ba2c63d44cee2115b27",
      "68de1ba2c63d44cee2115b28",
      "68de1ba2c63d44cee2115b29",
      "68de1ba2c63d44cee2115b0f",
      "68de1ba2c63d44cee2115b10",
      "68de1ba2c63d44cee2115b11",
      "68de1ba2c63d44cee2115b1f",
      "68de1ba2c63d44cee2115b20",
      "68de1ba2c63d44cee2115b21"
    ],
    "priority": 60,
    "status": "active",
    "type": "system",
    "updatedAt": "2025-10-04T02:32:46.540Z"
  },
  {
    "_id": "68e0874e578adf58b246f661",
    "code": "ADVISOR",
    "createdAt": "2025-10-04T02:32:46.543Z",
    "description": "Tư vấn và giám sát quá trình đánh giá",
    "members": [
      "68d8b25effe9c2eccae088b3"
    ],
    "metadata": {
      "color": "#8B5CF6",
      "icon": "eye",
      "autoAssign": false
    },
    "name": "Tư vấn/Giám sát",
    "permissions": [
      "68de1ba2c63d44cee2115b10",
      "68de1ba2c63d44cee2115b16",
      "68de1ba2c63d44cee2115b1b",
      "68de1ba2c63d44cee2115b20",
      "68de1ba2c63d44cee2115b24",
      "68de1ba2c63d44cee2115b28",
      "68de1ba2c63d44cee2115b2c",
      "68de1ba2c63d44cee2115b30",
      "68de1ba2c63d44cee2115b34"
    ],
    "priority": 40,
    "status": "active",
    "type": "system",
    "updatedAt": "2025-10-04T02:32:46.543Z"
  },
  {
    "_id": "68e0874e578adf58b246f662",
    "code": "VIEWER",
    "createdAt": "2025-10-04T02:32:46.545Z",
    "description": "Chỉ có quyền xem thông tin",
    "members": [],
    "metadata": {
      "color": "#6B7280",
      "icon": "eye",
      "autoAssign": false
    },
    "name": "Người xem",
    "permissions": [
      "68de1ba2c63d44cee2115b10",
      "68de1ba2c63d44cee2115b16",
      "68de1ba2c63d44cee2115b1b",
      "68de1ba2c63d44cee2115b20",
      "68de1ba2c63d44cee2115b24",
      "68de1ba2c63d44cee2115b28",
      "68de1ba2c63d44cee2115b2c",
      "68de1ba2c63d44cee2115b30",
      "68de1ba2c63d44cee2115b34"
    ],
    "priority": 20,
    "status": "active",
    "type": "system",
    "updatedAt": "2025-10-04T02:32:46.545Z"
  }
]