[
  {
    "_id": "68d8b25effe9c2eccae088c0",
    "recipientId": "68d8b25effe9c2eccae088b2",
    "senderId": "68d8b25effe9c2eccae088b1",
    "type": "assignment_new",
    "title": "Phân công đánh giá mới: Phiếu phân tích tiêu chí 1.1 - Mục tiêu chương trình đào tạo",
    "message": "Bạn được phân công đánh giá báo cáo phân tích tiêu chí 1.1. Hạn chót: undefined",
    "data": {
      "reportId": "68d8b25effe9c2eccae088be",
      "assignmentId": "68d8b25effe9c2eccae088bf",
      "url": "/assignments/68d8b25effe9c2eccae088bf"
    },
    "priority": "normal",
    "status": "read",
    "channels": {
      "inApp": true,
      "email": true,
      "sms": false
    },
    "expiresAt": "2025-10-28T03:58:22.095Z",
    "createdAt": "2025-09-28T03:58:22.095Z",
    "updatedAt": "2025-10-15T03:14:08.877Z",
    "readAt": "2025-10-15T03:14:08.876Z"
  }
]