[
  {
    "_id": "68d8b25effe9c2eccae088be",
    "academicYearId": "68d8b25effe9c2eccae088b4",
    "title": "Phiếu phân tích tiêu chí 1.1 - Mục tiêu chương trình đào tạo",
    "code": "CA-20242025-01-01-001",
    "type": "criteria_analysis",
    "programId": "68d8b25effe9c2eccae088b6",
    "organizationId": "68d8b25effe9c2eccae088b5",
    "standardId": "68d8b25effe9c2eccae088b7",
    "criteriaId": "68d8b25effe9c2eccae088ba",
    "content": "\n    <h2>PHÂN TÍCH TIÊU CHÍ 1.1</h2>\n    <h3>Mục tiêu chương trình đào tạo được xây dựng phù hợp với tầm nhìn, sứ mệnh của cơ sở giáo dục</h3>\n    \n    <h4>1. Mô tả hiện trạng</h4>\n    <p>Mục tiêu chương trình đào tạo đã được xây dựng và ban hành theo quyết định H1.01.01.01.</p>\n    \n    <h4>2. Căn cứ đánh giá</h4>\n    <p>- Quyết định ban hành mục tiêu chương trình đào tạo (H1.01.01.01)</p>\n    <p>- Tầm nhìn, sứ mệnh của trường đại học</p>\n    \n    <h4>3. Kết quả đánh giá</h4>\n    <p>Mục tiêu chương trình đào tạo đã được xây dựng phù hợp với tầm nhìn và sứ mệnh của trường.</p>\n    ",
    "contentMethod": "online_editor",
    "referencedEvidences": [
      {
        "evidenceId": "68d8b25effe9c2eccae088bc",
        "contextText": "Quyết định ban hành mục tiêu chương trình đào tạo",
        "linkedText": "H1.01.01.01"
      }
    ],
    "status": "draft",
    "summary": "Phân tích tiêu chí về mục tiêu chương trình đào tạo",
    "keywords": [
      "mục tiêu",
      "chương trình đào tạo",
      "tầm nhìn",
      "sứ mệnh"
    ],
    "wordCount": 150,
    "createdBy": "68d8b25effe9c2eccae088b1",
    "updatedBy": "68d8b25effe9c2eccae088b1",
    "versions": [],
    "evaluations": [],
    "metadata": {
      "viewCount": 5,
      "downloadCount": 0,
      "evaluationCount": 0,
      "averageScore": 0
    },
    "createdAt": "2025-09-28T03:58:22.086Z",
    "updatedAt": "2025-10-15T04:13:38.045Z",
    "__v": 1,
    "accessControl": {
      "advisors": [],
      "assignedExperts": [],
      "isPublic": false
    },
    "reviewerComments": []
  },
  {
    "_id": "68e60a08de7188e150284a1f",
    "academicYearId": "68d8b25effe9c2eccae088b4",
    "title": "Tiêu đề báo cáo là bắt buộc",
    "code": "CR-20242025-001",
    "type": "comprehensive_report",
    "programId": "68d8b25effe9c2eccae088b6",
    "organizationId": "68d8b25effe9c2eccae088b5",
    "content": "<font size=\"4\">k</font>k<font size=\"2\">k</font>",
    "contentMethod": "online_editor",
    "accessControl": {
      "isPublic": true,
      "assignedExperts": [
        {
          "expertId": "68ebc526644098a3bfb55acf",
          "assignedAt": "2025-10-13T02:02:49.649Z",
          "assignedBy": "68d8b25effe9c2eccae088b0",
          "canComment": true,
          "canEvaluate": true,
          "_id": "68ec5dc98b9eed6bbae4b290"
        }
      ],
      "advisors": [
        {
          "advisorId": "68d8b25effe9c2eccae088b3",
          "assignedAt": "2025-10-13T02:02:49.740Z",
          "assignedBy": "68d8b25effe9c2eccae088b0",
          "canComment": true,
          "canEvaluate": false,
          "_id": "68ec5dc98b9eed6bbae4b29f"
        }
      ],
      "publicSince": "2025-10-10T01:26:05.186Z"
    },
    "status": "published",
    "summary": "",
    "keywords": [],
    "wordCount": 0,
    "createdBy": "68d8b25effe9c2eccae088b0",
    "updatedBy": "68d8b25effe9c2eccae088b0",
    "evaluations": [],
    "metadata": {
      "viewCount": 29,
      "downloadCount": 0,
      "evaluationCount": 0,
      "averageScore": 0
    },
    "referencedEvidences": [],
    "reviewerComments": [],
    "versions": [],
    "createdAt": "2025-10-08T06:51:52.837Z",
    "updatedAt": "2025-10-13T07:42:57.761Z",
    "__v": 2
  },
  {
    "_id": "68e8b406f6a0e6e977470ec2",
    "academicYearId": "68d8b25effe9c2eccae088b4",
    "title": "Tiêu chuẩn *",
    "code": "CR-20242025-002",
    "type": "comprehensive_report",
    "programId": "68d8b25effe9c2eccae088b6",
    "organizationId": "68d8b25effe9c2eccae088b5",
    "content": "gbfb fgh ng",
    "contentMethod": "online_editor",
    "accessControl": {
      "isPublic": false,
      "assignedExperts": [
        {
          "expertId": "68ebc526644098a3bfb55acf",
          "assignedAt": "2025-10-13T02:32:55.405Z",
          "assignedBy": "68d8b25effe9c2eccae088b0",
          "canComment": true,
          "canEvaluate": true,
          "_id": "68ec64d78b9eed6bbae4c054"
        }
      ],
      "advisors": [
        {
          "advisorId": "68d8b25effe9c2eccae088b3",
          "assignedAt": "2025-10-13T02:32:47.645Z",
          "assignedBy": "68d8b25effe9c2eccae088b0",
          "canComment": true,
          "canEvaluate": false,
          "_id": "68ec64cf8b9eed6bbae4c03e"
        }
      ]
    },
    "status": "draft",
    "summary": "",
    "keywords": [],
    "wordCount": 0,
    "createdBy": "68d8b25effe9c2eccae088b0",
    "updatedBy": "68d8b25effe9c2eccae088b0",
    "evaluations": [],
    "metadata": {
      "viewCount": 5,
      "downloadCount": 0,
      "evaluationCount": 0,
      "averageScore": 0
    },
    "referencedEvidences": [],
    "reviewerComments": [],
    "versions": [],
    "createdAt": "2025-10-10T07:21:42.719Z",
    "updatedAt": "2025-10-13T02:33:01.218Z",
    "__v": 2
  },
  {
    "_id": "68e8b56bdfa1a16e58887d81",
    "academicYearId": "68d8b25effe9c2eccae088b4",
    "title": "Mục tiêu chương trình đào tạo được xây dựng phù hợp với tầm nhìn, sứ mệnh của cơ sở giáo dục",
    "code": "SA-20242025-01-001",
    "type": "standard_analysis",
    "programId": "68d8b25effe9c2eccae088b6",
    "organizationId": "68d8b25effe9c2eccae088b5",
    "standardId": "68d8b25effe9c2eccae088b7",
    "content": "<span class=\"evidence-code\" data-code=\"H1.01.03.01\" style=\"background-color: rgb(219, 234, 254); color: rgb(30, 64, 175); padding: 2px 6px; border-radius: 4px; cursor: pointer; font-family: monospace;\">H1.01.03.01</span>&nbsp;fvdfvf",
    "contentMethod": "online_editor",
    "accessControl": {
      "isPublic": false,
      "assignedExperts": [
        {
          "expertId": "68dcf5de99a947aefc999740",
          "assignedAt": "2025-10-11T13:29:25.755Z",
          "assignedBy": "68d8b25effe9c2eccae088b0",
          "canComment": true,
          "canEvaluate": true,
          "_id": "68ea5bb51f0efae36baf2758"
        },
        {
          "expertId": "68ebc526644098a3bfb55acf",
          "assignedAt": "2025-10-13T02:32:20.698Z",
          "assignedBy": "68d8b25effe9c2eccae088b0",
          "canComment": true,
          "canEvaluate": true,
          "_id": "68ec64b48b9eed6bbae4be28"
        }
      ],
      "advisors": [
        {
          "advisorId": "68d8b25effe9c2eccae088b3",
          "assignedAt": "2025-10-11T13:32:41.489Z",
          "assignedBy": "68d8b25effe9c2eccae088b0",
          "canComment": true,
          "canEvaluate": false,
          "_id": "68ea5c791f0efae36baf2a99"
        }
      ]
    },
    "status": "draft",
    "summary": "",
    "keywords": [],
    "wordCount": 0,
    "createdBy": "68d8b25effe9c2eccae088b0",
    "updatedBy": "68d8b25effe9c2eccae088b0",
    "evaluations": [],
    "metadata": {
      "viewCount": 46,
      "downloadCount": 0,
      "evaluationCount": 0,
      "averageScore": 0
    },
    "referencedEvidences": [
      {
        "evidenceId": "68e5c0096f40e9caf7812304",
        "contextText": "<span class=\"evidence-code\" data-code=\"H1.01.03.01\" style=\"background-color: rgb(219, 234, 254); color: rgb(30, 64, 175); padding: 2px 6px; border-rad",
        "linkedText": "H1.01.03.01",
        "_id": "68e8b56bdfa1a16e58887d84"
      }
    ],
    "reviewerComments": [],
    "versions": [],
    "createdAt": "2025-10-10T07:27:39.810Z",
    "updatedAt": "2025-10-13T06:17:55.032Z",
    "__v": 4
  },
  {
    "_id": "68ecadfd08f57449aa62fdf5",
    "academicYearId": "68d8b25effe9c2eccae088b4",
    "title": "Tạo báo cáo phân tích tiêu chuẩn/tiêu chí",
    "code": "CA-20242025-01-01-002",
    "type": "criteria_analysis",
    "programId": "68d8b25effe9c2eccae088b6",
    "organizationId": "68d8b25effe9c2eccae088b5",
    "standardId": "68d8b25effe9c2eccae088b7",
    "criteriaId": "68d8b25effe9c2eccae088ba",
    "content": "",
    "contentMethod": "file_upload",
    "accessControl": {
      "isPublic": false,
      "assignedExperts": [],
      "advisors": []
    },
    "status": "draft",
    "summary": "",
    "keywords": [],
    "wordCount": 0,
    "createdBy": "68d8b25effe9c2eccae088b0",
    "updatedBy": "68d8b25effe9c2eccae088b0",
    "evaluations": [],
    "metadata": {
      "viewCount": 4,
      "downloadCount": 0,
      "evaluationCount": 0,
      "averageScore": 0
    },
    "referencedEvidences": [],
    "reviewerComments": [],
    "versions": [],
    "createdAt": "2025-10-13T07:45:01.601Z",
    "updatedAt": "2025-10-13T07:50:01.796Z",
    "__v": 0
  },
  {
    "_id": "68ecbfd808f57449aa631433",
    "academicYearId": "68d8b25effe9c2eccae088b4",
    "title": "ver2",
    "code": "CA-20242025-01-02-001",
    "type": "criteria_analysis",
    "programId": "68d8b25effe9c2eccae088b6",
    "organizationId": "68d8b25effe9c2eccae088b5",
    "standardId": "68d8b25effe9c2eccae088b7",
    "criteriaId": "68d8b25effe9c2eccae088bb",
    "content": "<span class=\"evidence-code\" data-code=\"H1.01.01.02\" style=\"background-color: rgb(219, 234, 254); color: rgb(30, 64, 175); padding: 2px 6px; border-radius: 4px; cursor: pointer; font-family: monospace;\">H1.01.01.02</span>&nbsp;",
    "contentMethod": "online_editor",
    "accessControl": {
      "isPublic": true,
      "assignedExperts": [
        {
          "expertId": "68dcf5de99a947aefc999740",
          "assignedAt": "2025-10-13T09:03:47.127Z",
          "assignedBy": "68d8b25effe9c2eccae088b0",
          "canComment": true,
          "canEvaluate": true,
          "_id": "68ecc07308f57449aa6316d6"
        }
      ],
      "advisors": [],
      "publicSince": "2025-10-13T09:03:27.128Z"
    },
    "status": "published",
    "summary": "",
    "keywords": [],
    "wordCount": 0,
    "createdBy": "68d8b25effe9c2eccae088b0",
    "updatedBy": "68d8b25effe9c2eccae088b0",
    "evaluations": [],
    "metadata": {
      "viewCount": 7,
      "downloadCount": 0,
      "evaluationCount": 0,
      "averageScore": 0
    },
    "referencedEvidences": [
      {
        "evidenceId": "68e4da273f0a462ac90abe3d",
        "contextText": "<span class=\"evidence-code\" data-code=\"H1.01.01.02\" style=\"background-color: rgb(219, 234, 254); color: rgb(30, 64, 175); padding: 2px 6px; border-rad",
        "linkedText": "H1.01.01.02",
        "_id": "68ecbfd808f57449aa63143d"
      }
    ],
    "reviewerComments": [],
    "versions": [],
    "createdAt": "2025-10-13T09:01:12.888Z",
    "updatedAt": "2025-10-13T09:09:35.308Z",
    "__v": 2
  },
  {
    "_id": "68eccbf608f57449aa63360e",
    "academicYearId": "68ecc5aa08f57449aa632305",
    "title": "Tạo báo cáo mới",
    "code": "CR-20272028-001",
    "type": "comprehensive_report",
    "programId": "68ecc73108f57449aa632844",
    "organizationId": "68ecc78908f57449aa632924",
    "content": "zxchkcfdcdcdc",
    "contentMethod": "online_editor",
    "accessControl": {
      "isPublic": false,
      "assignedExperts": [],
      "advisors": []
    },
    "status": "draft",
    "summary": "",
    "keywords": [],
    "wordCount": 0,
    "createdBy": "68d8b25effe9c2eccae088b0",
    "updatedBy": "68d8b25effe9c2eccae088b0",
    "evaluations": [],
    "metadata": {
      "viewCount": 0,
      "downloadCount": 0,
      "evaluationCount": 0,
      "averageScore": 0
    },
    "referencedEvidences": [],
    "reviewerComments": [],
    "versions": [],
    "createdAt": "2025-10-13T09:52:54.279Z",
    "updatedAt": "2025-10-13T09:52:54.279Z",
    "__v": 0
  },
  {
    "_id": "68eccc4908f57449aa633841",
    "academicYearId": "68d8b25effe9c2eccae088b4",
    "title": "fdvbfr",
    "code": "CA-20242025-01-01-003",
    "type": "criteria_analysis",
    "programId": "68d8b25effe9c2eccae088b6",
    "organizationId": "68d8b25effe9c2eccae088b5",
    "standardId": "68d8b25effe9c2eccae088b7",
    "criteriaId": "68d8b25effe9c2eccae088ba",
    "content": "<span class=\"evidence-code\" data-code=\"H1.01.03.01\" style=\"background-color: rgb(219, 234, 254); color: rgb(30, 64, 175); padding: 2px 6px; border-radius: 4px; cursor: pointer; font-family: monospace;\">H1.01.03.01</span>&nbsp;",
    "contentMethod": "online_editor",
    "accessControl": {
      "isPublic": false,
      "assignedExperts": [],
      "advisors": []
    },
    "status": "draft",
    "summary": "",
    "keywords": [],
    "wordCount": 0,
    "createdBy": "68d8b25effe9c2eccae088b0",
    "updatedBy": "68d8b25effe9c2eccae088b0",
    "evaluations": [],
    "metadata": {
      "viewCount": 4,
      "downloadCount": 0,
      "evaluationCount": 0,
      "averageScore": 0
    },
    "referencedEvidences": [
      {
        "evidenceId": "68e5c0096f40e9caf7812304",
        "contextText": "<span class=\"evidence-code\" data-code=\"H1.01.03.01\" style=\"background-color: rgb(219, 234, 254); color: rgb(30, 64, 175); padding: 2px 6px; border-rad",
        "linkedText": "H1.01.03.01",
        "_id": "68eccc4908f57449aa633844"
      }
    ],
    "reviewerComments": [],
    "versions": [],
    "createdAt": "2025-10-13T09:54:17.921Z",
    "updatedAt": "2025-10-13T09:54:55.079Z",
    "__v": 1
  },
  {
    "_id": "68ee0d3fa37ab6a028575a9e",
    "academicYearId": "68d8b25effe9c2eccae088b4",
    "title": "Đánh giá chất lượng chương trình đào tạo đại học",
    "code": "CA-20242025-01-01-004",
    "type": "criteria_analysis",
    "programId": "68d8b25effe9c2eccae088b6",
    "organizationId": "68d8b25effe9c2eccae088b5",
    "standardId": "68d8b25effe9c2eccae088b7",
    "criteriaId": "68d8b25effe9c2eccae088ba",
    "content": "<p class=\"leading-[1.5rem] [&amp;:not(:first-child)]:mt-[0.5rem] paragraph-content\"><span style=\"white-space-collapse: preserve;\">1.</span></p><p class=\"leading-[1.5rem] [&amp;:not(:first-child)]:mt-[0.5rem] paragraph-content\" dir=\"ltr\"><b><strong class=\"font-semibold\" style=\"white-space-collapse: preserve;\">Chủ nghĩa duy vật</strong></b><span style=\"white-space-collapse: preserve;\"> khẳng định </span><b><strong class=\"font-semibold\" style=\"white-space-collapse: preserve;\">thế giới vật chất có trước và quyết định ý thức.</strong></b></p><p class=\"leading-[1.5rem] [&amp;:not(:first-child)]:mt-[0.5rem] paragraph-content\" dir=\"ltr\"><b><strong class=\"font-semibold\" style=\"white-space-collapse: preserve;\">Chủ nghĩa duy tâm</strong></b><span style=\"white-space-collapse: preserve;\"> cho rằng </span><b><strong class=\"font-semibold\" style=\"white-space-collapse: preserve;\">ý thức có trước và quyết định thế giới vật chất.</strong></b></p><p class=\"leading-[1.5rem] [&amp;:not(:first-child)]:mt-[0.5rem] paragraph-content\"><b><strong class=\"font-semibold\" style=\"white-space-collapse: preserve;\">2.</strong></b></p><p class=\"leading-[1.5rem] [&amp;:not(:first-child)]:mt-[0.5rem] paragraph-content\" dir=\"ltr\"><b><strong class=\"font-semibold\" style=\"white-space-collapse: preserve;\">Phép biện chứng</strong></b><span style=\"white-space-collapse: preserve;\">: Xem sự vật trong </span><b><strong class=\"font-semibold\" style=\"white-space-collapse: preserve;\">mối liên hệ, vận động, phát triển, có mâu thuẫn nội tại</strong></b><span style=\"white-space-collapse: preserve;\">.</span></p><p class=\"leading-[1.5rem] [&amp;:not(:first-child)]:mt-[0.5rem] paragraph-content\" dir=\"ltr\"><b><strong class=\"font-semibold\" style=\"white-space-collapse: preserve;\">Phép siêu hình</strong></b><span style=\"white-space-collapse: preserve;\">: Xem sự vật </span><b><strong class=\"font-semibold\" style=\"white-space-collapse: preserve;\">cô lập, bất biến, không có mâu thuẫn và phát triển nội tại</strong></b><span style=\"white-space-collapse: preserve;\">.</span></p><p class=\"leading-[1.5rem] [&amp;:not(:first-child)]:mt-[0.5rem] paragraph-content\" dir=\"ltr\"><span class=\"evidence-code\" data-code=\"H1.01.01.01\" style=\"background-color: rgb(219, 234, 254); color: rgb(30, 64, 175); padding: 2px 6px; border-radius: 4px; cursor: pointer; font-family: monospace;\">H1.01.01.01</span>&nbsp;</p>",
    "contentMethod": "online_editor",
    "accessControl": {
      "isPublic": true,
      "assignedExperts": [
        {
          "expertId": "68ebc18d771e0df31e980506",
          "assignedAt": "2025-10-14T08:45:00.273Z",
          "assignedBy": "68d8b25effe9c2eccae088b1",
          "canComment": true,
          "canEvaluate": true,
          "_id": "68ee0d8ca37ab6a028575dc5"
        },
        {
          "expertId": "68d8b25effe9c2eccae088b2",
          "assignedAt": "2025-10-14T08:45:00.369Z",
          "assignedBy": "68d8b25effe9c2eccae088b1",
          "canComment": true,
          "canEvaluate": true,
          "_id": "68ee0d8ca37ab6a028575dd6"
        }
      ],
      "advisors": [],
      "publicSince": "2025-10-14T08:44:47.933Z"
    },
    "status": "published",
    "summary": "",
    "keywords": [],
    "wordCount": 0,
    "createdBy": "68d8b25effe9c2eccae088b1",
    "updatedBy": "68d8b25effe9c2eccae088b1",
    "evaluations": [],
    "metadata": {
      "viewCount": 14,
      "downloadCount": 0,
      "evaluationCount": 0,
      "averageScore": 0
    },
    "referencedEvidences": [
      {
        "evidenceId": "68edc7c51c02af4fa739cfae",
        "contextText": ":not(:first-child)]:mt-[0.5rem] paragraph-content\" dir=\"ltr\"><span class=\"evidence-code\" data-code=\"H1.01.01.01\" style=\"background-color: rgb(219, 234, 254); color: rgb(30, 64, 175); padding: 2px 6px; border-rad",
        "linkedText": "H1.01.01.01",
        "_id": "68ee0d3fa37ab6a028575aa2"
      }
    ],
    "reviewerComments": [],
    "versions": [],
    "createdAt": "2025-10-14T08:43:43.789Z",
    "updatedAt": "2025-10-15T03:13:27.861Z",
    "__v": 3
  }
]