[
  {
    "_id": "68d8b25effe9c2eccae088b7",
    "academicYearId": "68d8b25effe9c2eccae088b4",
    "name": "Mục tiêu chương trình đào tạo",
    "code": "1",
    "programId": "68d8b25effe9c2eccae088b6",
    "organizationId": "68d8b25effe9c2eccae088b5",
    "objectives": "Đánh giá tính phù hợp của mục tiêu chương trình đào tạo",
    "status": "active",
    "createdBy": "68d8b25effe9c2eccae088b0",
    "metadata": {
      "totalCriteria": 0,
      "totalEvidences": 0,
      "completionRate": 0
    },
    "createdAt": "2025-09-28T03:58:22.073Z",
    "updatedAt": "2025-09-28T03:58:22.073Z"
  },
  {
    "_id": "68d8b25effe9c2eccae088b8",
    "academicYearId": "68d8b25effe9c2eccae088b4",
    "name": "Chuẩn đầu ra chương trình đào tạo",
    "code": "2",
    "programId": "68d8b25effe9c2eccae088b6",
    "organizationId": "68d8b25effe9c2eccae088b5",
    "objectives": "Đánh giá chất lượng chuẩn đầu ra",
    "status": "active",
    "createdBy": "68d8b25effe9c2eccae088b0",
    "metadata": {
      "totalCriteria": 0,
      "totalEvidences": 0,
      "completionRate": 0
    },
    "createdAt": "2025-09-28T03:58:22.073Z",
    "updatedAt": "2025-09-28T03:58:22.073Z"
  },
  {
    "_id": "68d8b25effe9c2eccae088b9",
    "academicYearId": "68d8b25effe9c2eccae088b4",
    "name": "Chương trình đào tạo",
    "code": "3",
    "programId": "68d8b25effe9c2eccae088b6",
    "organizationId": "68d8b25effe9c2eccae088b5",
    "objectives": "Đánh giá chất lượng thiết kế chương trình đào tạo",
    "status": "active",
    "createdBy": "68d8b25effe9c2eccae088b0",
    "metadata": {
      "totalCriteria": 0,
      "totalEvidences": 0,
      "completionRate": 0
    },
    "createdAt": "2025-09-28T03:58:22.073Z",
    "updatedAt": "2025-09-28T03:58:22.073Z"
  },
  {
    "_id": "68e72ba78ae50092346d92d4",
    "academicYearId": "67479b24dd26de3b1c5acfb3",
    "name": "Tiêu chuẩn 1: Mục tiêu và chuẩn đầu ra",
    "code": "01",
    "programId": "674e0ac63d1c11c1c5c37c3d",
    "organizationId": "674e0b043d1c11c1c5c37c4a",
    "status": "active",
    "createdBy": "67479b24dd26de3b1c5acfb0",
    "updatedBy": "67479b24dd26de3b1c5acfb0",
    "metadata": {
      "totalCriteria": 0,
      "totalEvidences": 0,
      "completionRate": 0
    },
    "evaluationCriteria": [],
    "createdAt": "2025-10-09T03:27:35.770Z",
    "updatedAt": "2025-10-09T03:27:35.770Z",
    "__v": 0
  },
  {
    "_id": "68e72ba78ae50092346d92e0",
    "academicYearId": "67479b24dd26de3b1c5acfb3",
    "name": "Tiêu chuẩn 2: Chương trình đào tạo",
    "code": "02",
    "programId": "674e0ac63d1c11c1c5c37c3d",
    "organizationId": "674e0b043d1c11c1c5c37c4a",
    "status": "active",
    "createdBy": "67479b24dd26de3b1c5acfb0",
    "updatedBy": "67479b24dd26de3b1c5acfb0",
    "metadata": {
      "totalCriteria": 0,
      "totalEvidences": 0,
      "completionRate": 0
    },
    "evaluationCriteria": [],
    "createdAt": "2025-10-09T03:27:35.794Z",
    "updatedAt": "2025-10-09T03:27:35.794Z",
    "__v": 0
  },
  {
    "_id": "68e72ba78ae50092346d92e2",
    "academicYearId": "67479b24dd26de3b1c5acfb3",
    "name": "Tiêu chuẩn 3: Đội ngũ giảng viên",
    "code": "03",
    "programId": "674e0ac63d1c11c1c5c37c3d",
    "organizationId": "674e0b043d1c11c1c5c37c4a",
    "status": "active",
    "createdBy": "67479b24dd26de3b1c5acfb0",
    "updatedBy": "67479b24dd26de3b1c5acfb0",
    "metadata": {
      "totalCriteria": 0,
      "totalEvidences": 0,
      "completionRate": 0
    },
    "evaluationCriteria": [],
    "createdAt": "2025-10-09T03:27:35.796Z",
    "updatedAt": "2025-10-09T03:27:35.796Z",
    "__v": 0
  },
  {
    "_id": "68e73ca83e655fe48c299dde",
    "academicYearId": "60c72b2f9a941a0015b6d5f6",
    "name": "Tiêu chuẩn 1: Mục tiêu chương trình đào tạo",
    "code": "01",
    "programId": "68d8b25effe9c2eccae088b6",
    "organizationId": "68d8b25effe9c2eccae088b5",
    "status": "active",
    "createdBy": "60c72b2f9a941a0015b6d5f7",
    "updatedBy": "60c72b2f9a941a0015b6d5f7",
    "metadata": {
      "totalCriteria": 0,
      "totalEvidences": 0,
      "completionRate": 0
    },
    "evaluationCriteria": [],
    "createdAt": "2025-10-09T04:40:08.874Z",
    "updatedAt": "2025-10-09T04:40:08.874Z",
    "__v": 0
  },
  {
    "_id": "68e755736e6500ddff698f67",
    "academicYearId": "60c72b2f9a941a0015b6d5f6",
    "name": "Tiêu chuẩn 1: Mục tiêu và chuẩn đầu ra của chương trình",
    "code": "04",
    "programId": "68d8b25effe9c2eccae088b6",
    "organizationId": "68d8b25effe9c2eccae088b5",
    "status": "active",
    "createdBy": "60c72b2f9a941a0015b6d5f7",
    "updatedBy": "60c72b2f9a941a0015b6d5f7",
    "metadata": {
      "totalCriteria": 0,
      "totalEvidences": 0,
      "completionRate": 0
    },
    "evaluationCriteria": [],
    "createdAt": "2025-10-09T06:25:55.205Z",
    "updatedAt": "2025-10-09T06:25:55.205Z",
    "__v": 0
  },
  {
    "_id": "68e764418e605a4828634bcb",
    "academicYearId": "68d8b25effe9c2eccae088b4",
    "name": "Mục tiêu và chuẩn đầu ra của chương trình",
    "code": "6",
    "programId": "68d8b25effe9c2eccae088b6",
    "organizationId": "68d8b25effe9c2eccae088b5",
    "status": "active",
    "createdBy": "68d8b25effe9c2eccae088b0",
    "updatedBy": "68d8b25effe9c2eccae088b0",
    "metadata": {
      "totalCriteria": 0,
      "totalEvidences": 0,
      "completionRate": 0
    },
    "evaluationCriteria": [],
    "createdAt": "2025-10-09T07:29:05.721Z",
    "updatedAt": "2025-10-09T07:29:05.721Z",
    "__v": 0
  },
  {
    "_id": "68e775d5f301daf1305d6f4e",
    "academicYearId": "68da10d2699a76a3e6237f55",
    "name": "Cấu trúc và nội dung chương trình dạy học",
    "code": "03",
    "programId": "68e77583f301daf1305d6e8a",
    "organizationId": "68e775c8f301daf1305d6ede",
    "status": "active",
    "createdBy": "68d8b25effe9c2eccae088b0",
    "updatedBy": "68d8b25effe9c2eccae088b0",
    "metadata": {
      "totalCriteria": 0,
      "totalEvidences": 0,
      "completionRate": 0
    },
    "evaluationCriteria": [],
    "createdAt": "2025-10-09T08:44:05.383Z",
    "updatedAt": "2025-10-09T08:44:05.383Z",
    "__v": 0
  },
  {
    "_id": "68ecc89e08f57449aa632a76",
    "academicYearId": "68ecc5aa08f57449aa632305",
    "name": "Cấu trúc và nội dung chương trình dạy học",
    "code": "03",
    "programId": "68ecc73108f57449aa632844",
    "organizationId": "68ecc78908f57449aa632924",
    "status": "active",
    "createdBy": "68d8b25effe9c2eccae088b0",
    "updatedBy": "68d8b25effe9c2eccae088b0",
    "metadata": {
      "totalCriteria": 0,
      "totalEvidences": 0,
      "completionRate": 0
    },
    "evaluationCriteria": [],
    "createdAt": "2025-10-13T09:38:38.364Z",
    "updatedAt": "2025-10-13T09:38:38.364Z",
    "__v": 0
  }
]