[
  {
    "_id": "68f09ec70c094272d999b658",
    "academicYearId": "68d8b25effe9c2eccae088b4",
    "reportId": "68ef42bea72266de4c21a303",
    "expertId": "68d8b25effe9c2eccae088b2",
    "assignedBy": "68d8b25effe9c2eccae088b1",
    "assignmentNote": "",
    "deadline": "2026-01-01T00:00:00.000Z",
    "priority": "normal",
    "evaluationCriteria": [],
    "status": "pending",
    "metadata": {
      "complexity": "medium"
    },
    "reminders": [],
    "createdAt": "2025-10-16T07:29:11.160Z",
    "updatedAt": "2025-10-16T07:29:11.160Z",
    "__v": 0
  },
  {
    "_id": "68f09ec70c094272d999b669",
    "academicYearId": "68d8b25effe9c2eccae088b4",
    "reportId": "68ef42bea72266de4c21a303",
    "expertId": "68dcf5de99a947aefc999740",
    "assignedBy": "68d8b25effe9c2eccae088b1",
    "assignmentNote": "",
    "deadline": "2026-01-01T00:00:00.000Z",
    "priority": "normal",
    "evaluationCriteria": [],
    "status": "pending",
    "metadata": {
      "complexity": "medium"
    },
    "reminders": [],
    "createdAt": "2025-10-16T07:29:11.220Z",
    "updatedAt": "2025-10-16T07:29:11.220Z",
    "__v": 0
  },
  {
    "_id": "68f09ec70c094272d999b67a",
    "academicYearId": "68d8b25effe9c2eccae088b4",
    "reportId": "68ef42bea72266de4c21a303",
    "expertId": "68ebc18d771e0df31e980506",
    "assignedBy": "68d8b25effe9c2eccae088b1",
    "assignmentNote": "",
    "deadline": "2026-01-01T00:00:00.000Z",
    "priority": "normal",
    "evaluationCriteria": [],
    "status": "pending",
    "metadata": {
      "complexity": "medium"
    },
    "reminders": [],
    "createdAt": "2025-10-16T07:29:11.281Z",
    "updatedAt": "2025-10-16T07:29:11.281Z",
    "__v": 0
  },
  {
    "_id": "68f0a1220c094272d999bced",
    "academicYearId": "68d8b25effe9c2eccae088b4",
    "reportId": "68ee0d3fa37ab6a028575a9e",
    "expertId": "68d8b25effe9c2eccae088b2",
    "assignedBy": "68d8b25effe9c2eccae088b1",
    "assignmentNote": "",
    "deadline": "2025-11-01T00:00:00.000Z",
    "priority": "normal",
    "evaluationCriteria": [],
    "status": "pending",
    "metadata": {
      "complexity": "medium"
    },
    "reminders": [],
    "createdAt": "2025-10-16T07:39:14.775Z",
    "updatedAt": "2025-10-16T07:39:14.775Z",
    "__v": 0
  },
  {
    "_id": "68f0a1220c094272d999bcfe",
    "academicYearId": "68d8b25effe9c2eccae088b4",
    "reportId": "68ee0d3fa37ab6a028575a9e",
    "expertId": "68dcf5de99a947aefc999740",
    "assignedBy": "68d8b25effe9c2eccae088b1",
    "assignmentNote": "",
    "deadline": "2025-11-01T00:00:00.000Z",
    "priority": "normal",
    "evaluationCriteria": [],
    "status": "pending",
    "metadata": {
      "complexity": "medium"
    },
    "reminders": [],
    "createdAt": "2025-10-16T07:39:14.822Z",
    "updatedAt": "2025-10-16T07:39:14.822Z",
    "__v": 0
  },
  {
    "_id": "68f0a1220c094272d999bd0f",
    "academicYearId": "68d8b25effe9c2eccae088b4",
    "reportId": "68ee0d3fa37ab6a028575a9e",
    "expertId": "68ebc18d771e0df31e980506",
    "assignedBy": "68d8b25effe9c2eccae088b1",
    "assignmentNote": "",
    "deadline": "2025-11-01T00:00:00.000Z",
    "priority": "normal",
    "evaluationCriteria": [],
    "status": "pending",
    "metadata": {
      "complexity": "medium"
    },
    "reminders": [],
    "createdAt": "2025-10-16T07:39:14.863Z",
    "updatedAt": "2025-10-16T07:39:14.863Z",
    "__v": 0
  },
  {
    "_id": "68f1fe94a7c8ecb70bc55ece",
    "academicYearId": "68d8b25effe9c2eccae088b4",
    "reportId": "68f1f9c3a7c8ecb70bc5590c",
    "expertId": "68ebc18d771e0df31e980506",
    "assignedBy": "68d8b25effe9c2eccae088b1",
    "assignmentNote": "",
    "deadline": "2025-10-18T00:00:00.000Z",
    "priority": "high",
    "evaluationCriteria": [],
    "status": "pending",
    "metadata": {
      "complexity": "medium"
    },
    "reminders": [],
    "createdAt": "2025-10-17T08:30:12.885Z",
    "updatedAt": "2025-10-17T08:30:12.885Z",
    "__v": 0
  },
  {
    "_id": "68f1fe94a7c8ecb70bc55edf",
    "academicYearId": "68d8b25effe9c2eccae088b4",
    "reportId": "68f1f9c3a7c8ecb70bc5590c",
    "expertId": "68d8b25effe9c2eccae088b2",
    "assignedBy": "68d8b25effe9c2eccae088b1",
    "assignmentNote": "",
    "deadline": "2025-10-18T00:00:00.000Z",
    "priority": "high",
    "evaluationCriteria": [],
    "status": "accepted",
    "metadata": {
      "complexity": "medium"
    },
    "reminders": [],
    "createdAt": "2025-10-17T08:30:12.932Z",
    "updatedAt": "2025-10-17T09:07:26.225Z",
    "__v": 0,
    "respondedAt": "2025-10-17T09:07:26.224Z",
    "responseNote": ""
  },
  {
    "_id": "68f20553765f939c3ecec897",
    "academicYearId": "68d8b25effe9c2eccae088b4",
    "reportId": "68f1f9c3a7c8ecb70bc5590c",
    "expertId": "68dcf5de99a947aefc999740",
    "assignedBy": "68d8b25effe9c2eccae088b1",
    "assignmentNote": "",
    "deadline": "2025-10-18T00:00:00.000Z",
    "priority": "normal",
    "evaluationCriteria": [],
    "status": "pending",
    "metadata": {
      "complexity": "medium"
    },
    "reminders": [],
    "createdAt": "2025-10-17T08:58:59.107Z",
    "updatedAt": "2025-10-17T08:58:59.107Z",
    "__v": 0
  }
]