[
  {
    "_id": "68edc7c51c02af4fa739cfae",
    "academicYearId": "68d8b25effe9c2eccae088b4",
    "code": "H1.01.01.01",
    "name": "Đánh giá chất lượng chương trình đào tạo đại học",
    "programId": "68d8b25effe9c2eccae088b6",
    "organizationId": "68d8b25effe9c2eccae088b5",
    "standardId": "68d8b25effe9c2eccae088b7",
    "criteriaId": "68d8b25effe9c2eccae088ba",
    "createdBy": "68d8b25effe9c2eccae088b0",
    "updatedBy": "68d8b25effe9c2eccae088b0",
    "files": [
      "68edc7d81c02af4fa739d0da",
      "68edcc661c02af4fa739d2fa",
      "68edefe41c02af4fa739e552",
      "68edefe41c02af4fa739e554",
      "68edefe41c02af4fa739e556",
      "68edefe41c02af4fa739e558",
      "68edefe41c02af4fa739e55a",
      "68edefe41c02af4fa739e55c",
      "68edf18a1c02af4fa739e935",
      "68edf1fd1c02af4fa739ed89",
      "68edf9bf1cd8fbbd49882cd3",
      "68ee009619a2d2630f987a01"
    ],
    "tags": [],
    "status": "completed",
    "downloadStats": {
      "totalDownloads": 0
    },
    "createdAt": "2025-10-14T03:47:17.576Z",
    "updatedAt": "2025-10-14T07:49:42.746Z",
    "changeHistory": [
      {
        "action": "updated",
        "changedBy": "68d8b25effe9c2eccae088b0",
        "changes": [
          "status",
          "updatedAt"
        ],
        "_id": "68edc7d41c02af4fa739d0b0",
        "changedAt": "2025-10-14T03:47:32.600Z"
      },
      {
        "action": "updated",
        "changedBy": "68d8b25effe9c2eccae088b0",
        "changes": [
          "files",
          "updatedAt"
        ],
        "_id": "68edc7d81c02af4fa739d0dc",
        "changedAt": "2025-10-14T03:47:36.209Z"
      },
      {
        "action": "updated",
        "changedBy": "68d8b25effe9c2eccae088b0",
        "changes": [
          "files",
          "updatedAt"
        ],
        "_id": "68edcc661c02af4fa739d2fc",
        "changedAt": "2025-10-14T04:07:02.165Z"
      },
      {
        "action": "updated",
        "changedBy": "68d8b25effe9c2eccae088b0",
        "changes": [
          "files",
          "updatedAt"
        ],
        "_id": "68edefe41c02af4fa739e55e",
        "changedAt": "2025-10-14T06:38:28.385Z"
      },
      {
        "action": "updated",
        "changedBy": "68d8b25effe9c2eccae088b0",
        "changes": [
          "files",
          "updatedAt"
        ],
        "_id": "68edf18a1c02af4fa739e937",
        "changedAt": "2025-10-14T06:45:30.605Z"
      },
      {
        "action": "updated",
        "changedBy": "68d8b25effe9c2eccae088b0",
        "changes": [
          "files",
          "updatedAt"
        ],
        "_id": "68edf1fd1c02af4fa739ed8b",
        "changedAt": "2025-10-14T06:47:25.723Z"
      },
      {
        "action": "updated",
        "changedBy": "68d8b25effe9c2eccae088b0",
        "changes": [
          "files",
          "updatedAt"
        ],
        "_id": "68edf9bf1cd8fbbd49882cd5",
        "changedAt": "2025-10-14T07:20:31.637Z"
      },
      {
        "action": "updated",
        "changedBy": "68d8b25effe9c2eccae088b0",
        "changes": [
          "status",
          "updatedAt"
        ],
        "_id": "68edf9bf1cd8fbbd49882cd8",
        "changedAt": "2025-10-14T07:20:31.650Z"
      },
      {
        "action": "updated",
        "changedBy": "68d8b25effe9c2eccae088b0",
        "changes": [
          "status",
          "updatedAt"
        ],
        "_id": "68edfa331cd8fbbd49882fe2",
        "changedAt": "2025-10-14T07:22:27.962Z"
      },
      {
        "action": "updated",
        "changedBy": "68d8b25effe9c2eccae088b0",
        "changes": [
          "files",
          "updatedAt"
        ],
        "_id": "68ee009619a2d2630f987a03",
        "changedAt": "2025-10-14T07:49:42.736Z"
      },
      {
        "action": "updated",
        "changedBy": "68d8b25effe9c2eccae088b0",
        "changes": [
          "status",
          "updatedAt"
        ],
        "_id": "68ee009619a2d2630f987a06",
        "changedAt": "2025-10-14T07:49:42.747Z"
      }
    ],
    "__v": 11
  },
  {
    "_id": "68edd05e1c02af4fa739d53c",
    "academicYearId": "68d8b25effe9c2eccae088b4",
    "code": "H3.03.01.01",
    "name": "Quy chế tổ chức và hoạt động của HV, Quy định chức năng các đơn vị",
    "programId": "68d8b25effe9c2eccae088b6",
    "organizationId": "68d8b25effe9c2eccae088b5",
    "standardId": "68d8b25effe9c2eccae088b9",
    "criteriaId": "68e76a1df301daf1305d67c3",
    "createdBy": "68d8b25effe9c2eccae088b0",
    "updatedBy": "68d8b25effe9c2eccae088b0",
    "files": [
      "68edd06f1c02af4fa739d61f",
      "68edf1971c02af4fa739e97e",
      "68edfd755b388e835096bc2e",
      "68edfd755b388e835096bc30",
      "68edfd755b388e835096bc32",
      "68edfd755b388e835096bc34",
      "68edfd755b388e835096bc36",
      "68edfd755b388e835096bc38",
      "68edfd755b388e835096bc3a",
      "68edfe8f7d57e9c1e5582e25",
      "68edfea07d57e9c1e5582eb3",
      "68edfeb87d57e9c1e5582ef9"
    ],
    "tags": [],
    "status": "rejected",
    "downloadStats": {
      "totalDownloads": 0
    },
    "createdAt": "2025-10-14T04:23:58.511Z",
    "updatedAt": "2025-10-14T07:41:44.321Z",
    "changeHistory": [
      {
        "action": "updated",
        "changedBy": "68d8b25effe9c2eccae088b0",
        "changes": [
          "status",
          "updatedAt"
        ],
        "_id": "68edd0691c02af4fa739d603",
        "changedAt": "2025-10-14T04:24:09.625Z"
      },
      {
        "action": "updated",
        "changedBy": "68d8b25effe9c2eccae088b0",
        "changes": [
          "files",
          "updatedAt"
        ],
        "_id": "68edd06f1c02af4fa739d621",
        "changedAt": "2025-10-14T04:24:15.894Z"
      },
      {
        "action": "updated",
        "changedBy": "68d8b25effe9c2eccae088b0",
        "changes": [
          "files",
          "updatedAt"
        ],
        "_id": "68edf1971c02af4fa739e980",
        "changedAt": "2025-10-14T06:45:43.886Z"
      },
      {
        "action": "updated",
        "changedBy": "68d8b25effe9c2eccae088b0",
        "changes": [
          "status",
          "updatedAt"
        ],
        "_id": "68edfaa51cd8fbbd4988325c",
        "changedAt": "2025-10-14T07:24:21.906Z"
      },
      {
        "action": "updated",
        "changedBy": "68d8b25effe9c2eccae088b0",
        "changes": [
          "files",
          "updatedAt"
        ],
        "_id": "68edfd755b388e835096bc3c",
        "changedAt": "2025-10-14T07:36:21.367Z"
      },
      {
        "action": "updated",
        "changedBy": "68d8b25effe9c2eccae088b0",
        "changes": [
          "status",
          "updatedAt"
        ],
        "_id": "68edfd755b388e835096bc3f",
        "changedAt": "2025-10-14T07:36:21.376Z"
      },
      {
        "action": "updated",
        "changedBy": "68d8b25effe9c2eccae088b0",
        "changes": [
          "status",
          "updatedAt"
        ],
        "_id": "68edfe075b388e835096bee6",
        "changedAt": "2025-10-14T07:38:47.905Z"
      },
      {
        "action": "updated",
        "changedBy": "68d8b25effe9c2eccae088b0",
        "changes": [
          "files",
          "updatedAt"
        ],
        "_id": "68edfe8f7d57e9c1e5582e27",
        "changedAt": "2025-10-14T07:41:03.870Z"
      },
      {
        "action": "updated",
        "changedBy": "68d8b25effe9c2eccae088b0",
        "changes": [
          "files",
          "updatedAt"
        ],
        "_id": "68edfea07d57e9c1e5582eb5",
        "changedAt": "2025-10-14T07:41:20.525Z"
      },
      {
        "action": "updated",
        "changedBy": "68d8b25effe9c2eccae088b0",
        "changes": [
          "files",
          "updatedAt"
        ],
        "_id": "68edfeb87d57e9c1e5582efb",
        "changedAt": "2025-10-14T07:41:44.322Z"
      }
    ],
    "__v": 10
  },
  {
    "_id": "68edd05e1c02af4fa739d53f",
    "academicYearId": "68d8b25effe9c2eccae088b4",
    "code": "H3.03.01.02",
    "name": "Cơ cấu tổ chức của Học viện năm 2017-2021",
    "programId": "68d8b25effe9c2eccae088b6",
    "organizationId": "68d8b25effe9c2eccae088b5",
    "standardId": "68d8b25effe9c2eccae088b9",
    "criteriaId": "68e76a1df301daf1305d67c3",
    "createdBy": "68d8b25effe9c2eccae088b0",
    "updatedBy": "68d8b25effe9c2eccae088b0",
    "files": [],
    "tags": [],
    "status": "new",
    "downloadStats": {
      "totalDownloads": 0
    },
    "createdAt": "2025-10-14T04:23:58.522Z",
    "updatedAt": "2025-10-14T04:23:58.522Z",
    "changeHistory": [],
    "__v": 0
  },
  {
    "_id": "68edd05e1c02af4fa739d542",
    "academicYearId": "68d8b25effe9c2eccae088b4",
    "code": "H3.03.01.03",
    "name": "Chức năng nhiệm vụ các đơn vị",
    "programId": "68d8b25effe9c2eccae088b6",
    "organizationId": "68d8b25effe9c2eccae088b5",
    "standardId": "68d8b25effe9c2eccae088b9",
    "criteriaId": "68e76a1df301daf1305d67c3",
    "createdBy": "68d8b25effe9c2eccae088b0",
    "updatedBy": "68d8b25effe9c2eccae088b0",
    "files": [],
    "tags": [],
    "status": "new",
    "downloadStats": {
      "totalDownloads": 0
    },
    "createdAt": "2025-10-14T04:23:58.533Z",
    "updatedAt": "2025-10-14T04:23:58.533Z",
    "changeHistory": [],
    "__v": 0
  },
  {
    "_id": "68edd05e1c02af4fa739d545",
    "academicYearId": "68d8b25effe9c2eccae088b4",
    "code": "H3.03.01.04",
    "name": "QĐ thành lập HĐ HV 2016_2021 và 2021-2026",
    "programId": "68d8b25effe9c2eccae088b6",
    "organizationId": "68d8b25effe9c2eccae088b5",
    "standardId": "68d8b25effe9c2eccae088b9",
    "criteriaId": "68e76a1df301daf1305d67c3",
    "createdBy": "68d8b25effe9c2eccae088b0",
    "updatedBy": "68d8b25effe9c2eccae088b0",
    "files": [],
    "tags": [],
    "status": "new",
    "downloadStats": {
      "totalDownloads": 0
    },
    "createdAt": "2025-10-14T04:23:58.539Z",
    "updatedAt": "2025-10-14T04:23:58.539Z",
    "changeHistory": [],
    "__v": 0
  },
  {
    "_id": "68edd05e1c02af4fa739d548",
    "academicYearId": "68d8b25effe9c2eccae088b4",
    "code": "H3.03.01.05",
    "name": "Quy chế tổ chức/làm việc của HĐHV_Quy chế của Đảng ủy",
    "programId": "68d8b25effe9c2eccae088b6",
    "organizationId": "68d8b25effe9c2eccae088b5",
    "standardId": "68d8b25effe9c2eccae088b9",
    "criteriaId": "68e76a1df301daf1305d67c3",
    "createdBy": "68d8b25effe9c2eccae088b0",
    "updatedBy": "68d8b25effe9c2eccae088b0",
    "files": [],
    "tags": [],
    "status": "new",
    "downloadStats": {
      "totalDownloads": 0
    },
    "createdAt": "2025-10-14T04:23:58.543Z",
    "updatedAt": "2025-10-14T04:23:58.543Z",
    "changeHistory": [],
    "__v": 0
  },
  {
    "_id": "68edd05e1c02af4fa739d54b",
    "academicYearId": "68d8b25effe9c2eccae088b4",
    "code": "H3.03.01.06",
    "name": "Quy chế làm việc của Ban Giám đốc",
    "programId": "68d8b25effe9c2eccae088b6",
    "organizationId": "68d8b25effe9c2eccae088b5",
    "standardId": "68d8b25effe9c2eccae088b9",
    "criteriaId": "68e76a1df301daf1305d67c3",
    "createdBy": "68d8b25effe9c2eccae088b0",
    "updatedBy": "68d8b25effe9c2eccae088b0",
    "files": [],
    "tags": [],
    "status": "new",
    "downloadStats": {
      "totalDownloads": 0
    },
    "createdAt": "2025-10-14T04:23:58.551Z",
    "updatedAt": "2025-10-14T04:23:58.551Z",
    "changeHistory": [],
    "__v": 0
  },
  {
    "_id": "68edd05e1c02af4fa739d54e",
    "academicYearId": "68d8b25effe9c2eccae088b4",
    "code": "H3.03.01.07",
    "name": "Phân công công tác của GĐ và PGĐ",
    "programId": "68d8b25effe9c2eccae088b6",
    "organizationId": "68d8b25effe9c2eccae088b5",
    "standardId": "68d8b25effe9c2eccae088b9",
    "criteriaId": "68e76a1df301daf1305d67c3",
    "createdBy": "68d8b25effe9c2eccae088b0",
    "updatedBy": "68d8b25effe9c2eccae088b0",
    "files": [],
    "tags": [],
    "status": "new",
    "downloadStats": {
      "totalDownloads": 0
    },
    "createdAt": "2025-10-14T04:23:58.558Z",
    "updatedAt": "2025-10-14T04:23:58.558Z",
    "changeHistory": [],
    "__v": 0
  },
  {
    "_id": "68edd05e1c02af4fa739d551",
    "academicYearId": "68d8b25effe9c2eccae088b4",
    "code": "H3.03.01.08",
    "name": "Chức năng nhiệm vụ Khoa/Viện/Trung tâm",
    "programId": "68d8b25effe9c2eccae088b6",
    "organizationId": "68d8b25effe9c2eccae088b5",
    "standardId": "68d8b25effe9c2eccae088b9",
    "criteriaId": "68e76a1df301daf1305d67c3",
    "createdBy": "68d8b25effe9c2eccae088b0",
    "updatedBy": "68d8b25effe9c2eccae088b0",
    "files": [],
    "tags": [],
    "status": "new",
    "downloadStats": {
      "totalDownloads": 0
    },
    "createdAt": "2025-10-14T04:23:58.566Z",
    "updatedAt": "2025-10-14T04:23:58.566Z",
    "changeHistory": [],
    "__v": 0
  },
  {
    "_id": "68edd05e1c02af4fa739d554",
    "academicYearId": "68d8b25effe9c2eccae088b4",
    "code": "H3.03.01.09",
    "name": "QĐ Ban chấp Hành đảng bộ, Công đoàn, Đoàn Thanh niên, Hội sinh viên",
    "programId": "68d8b25effe9c2eccae088b6",
    "organizationId": "68d8b25effe9c2eccae088b5",
    "standardId": "68d8b25effe9c2eccae088b9",
    "criteriaId": "68e76a1df301daf1305d67c3",
    "createdBy": "68d8b25effe9c2eccae088b0",
    "updatedBy": "68d8b25effe9c2eccae088b0",
    "files": [],
    "tags": [],
    "status": "new",
    "downloadStats": {
      "totalDownloads": 0
    },
    "createdAt": "2025-10-14T04:23:58.573Z",
    "updatedAt": "2025-10-14T04:23:58.573Z",
    "changeHistory": [],
    "__v": 0
  },
  {
    "_id": "68edd05e1c02af4fa739d557",
    "academicYearId": "68d8b25effe9c2eccae088b4",
    "code": "H3.03.01.10",
    "name": "Phân công công tác của GĐ và PGĐ",
    "programId": "68d8b25effe9c2eccae088b6",
    "organizationId": "68d8b25effe9c2eccae088b5",
    "standardId": "68d8b25effe9c2eccae088b9",
    "criteriaId": "68e76a1df301daf1305d67c3",
    "createdBy": "68d8b25effe9c2eccae088b0",
    "updatedBy": "68d8b25effe9c2eccae088b0",
    "files": [],
    "tags": [],
    "status": "new",
    "downloadStats": {
      "totalDownloads": 0
    },
    "createdAt": "2025-10-14T04:23:58.581Z",
    "updatedAt": "2025-10-14T04:23:58.581Z",
    "changeHistory": [],
    "__v": 0
  },
  {
    "_id": "68edd05e1c02af4fa739d55a",
    "academicYearId": "68d8b25effe9c2eccae088b4",
    "code": "H3.03.01.11",
    "name": "Quy chế TC và HĐ, Quy chế bổ nhiệm",
    "programId": "68d8b25effe9c2eccae088b6",
    "organizationId": "68d8b25effe9c2eccae088b5",
    "standardId": "68d8b25effe9c2eccae088b9",
    "criteriaId": "68e76a1df301daf1305d67c3",
    "createdBy": "68d8b25effe9c2eccae088b0",
    "updatedBy": "68d8b25effe9c2eccae088b0",
    "files": [],
    "tags": [],
    "status": "new",
    "downloadStats": {
      "totalDownloads": 0
    },
    "createdAt": "2025-10-14T04:23:58.590Z",
    "updatedAt": "2025-10-14T04:23:58.590Z",
    "changeHistory": [],
    "__v": 0
  },
  {
    "_id": "68edd05e1c02af4fa739d55d",
    "academicYearId": "68d8b25effe9c2eccae088b4",
    "code": "H3.03.01.12",
    "name": "Các QĐ bổ nhiệm",
    "programId": "68d8b25effe9c2eccae088b6",
    "organizationId": "68d8b25effe9c2eccae088b5",
    "standardId": "68d8b25effe9c2eccae088b9",
    "criteriaId": "68e76a1df301daf1305d67c3",
    "createdBy": "68d8b25effe9c2eccae088b0",
    "updatedBy": "68d8b25effe9c2eccae088b0",
    "files": [],
    "tags": [],
    "status": "new",
    "downloadStats": {
      "totalDownloads": 0
    },
    "createdAt": "2025-10-14T04:23:58.598Z",
    "updatedAt": "2025-10-14T04:23:58.598Z",
    "changeHistory": [],
    "__v": 0
  },
  {
    "_id": "68edd05e1c02af4fa739d560",
    "academicYearId": "68d8b25effe9c2eccae088b4",
    "code": "H3.03.01.13",
    "name": "Nghị quyết Đảng ủy, HĐ Học viện, Kết luận của GĐ/PGĐ",
    "programId": "68d8b25effe9c2eccae088b6",
    "organizationId": "68d8b25effe9c2eccae088b5",
    "standardId": "68d8b25effe9c2eccae088b9",
    "criteriaId": "68e76a1df301daf1305d67c3",
    "createdBy": "68d8b25effe9c2eccae088b0",
    "updatedBy": "68d8b25effe9c2eccae088b0",
    "files": [],
    "tags": [],
    "status": "new",
    "downloadStats": {
      "totalDownloads": 0
    },
    "createdAt": "2025-10-14T04:23:58.605Z",
    "updatedAt": "2025-10-14T04:23:58.605Z",
    "changeHistory": [],
    "__v": 0
  },
  {
    "_id": "68edd05e1c02af4fa739d563",
    "academicYearId": "68d8b25effe9c2eccae088b4",
    "code": "H3.03.01.14",
    "name": "Quy chế làm việc của Học viện",
    "programId": "68d8b25effe9c2eccae088b6",
    "organizationId": "68d8b25effe9c2eccae088b5",
    "standardId": "68d8b25effe9c2eccae088b9",
    "criteriaId": "68e76a1df301daf1305d67c3",
    "createdBy": "68d8b25effe9c2eccae088b0",
    "updatedBy": "68d8b25effe9c2eccae088b0",
    "files": [],
    "tags": [],
    "status": "new",
    "downloadStats": {
      "totalDownloads": 0
    },
    "createdAt": "2025-10-14T04:23:58.611Z",
    "updatedAt": "2025-10-14T04:23:58.611Z",
    "changeHistory": [],
    "__v": 0
  },
  {
    "_id": "68edd05e1c02af4fa739d566",
    "academicYearId": "68d8b25effe9c2eccae088b4",
    "code": "H3.03.02.01",
    "name": "Quyết định Tổ công tác xây dựng chiến lược (trong đó có tầm nhìn sứ mạng",
    "programId": "68d8b25effe9c2eccae088b6",
    "organizationId": "68d8b25effe9c2eccae088b5",
    "standardId": "68d8b25effe9c2eccae088b9",
    "criteriaId": "68e76a1df301daf1305d67ef",
    "createdBy": "68d8b25effe9c2eccae088b0",
    "updatedBy": "68d8b25effe9c2eccae088b0",
    "files": [],
    "tags": [],
    "status": "new",
    "downloadStats": {
      "totalDownloads": 0
    },
    "createdAt": "2025-10-14T04:23:58.619Z",
    "updatedAt": "2025-10-14T04:23:58.619Z",
    "changeHistory": [],
    "__v": 0
  },
  {
    "_id": "68edd05e1c02af4fa739d569",
    "academicYearId": "68d8b25effe9c2eccae088b4",
    "code": "H3.03.02.02",
    "name": "Kế hoạch, phiếu lấy ý kiến các bên về xây dựng tầm nhìn sứ mạng",
    "programId": "68d8b25effe9c2eccae088b6",
    "organizationId": "68d8b25effe9c2eccae088b5",
    "standardId": "68d8b25effe9c2eccae088b9",
    "criteriaId": "68e76a1df301daf1305d67ef",
    "createdBy": "68d8b25effe9c2eccae088b0",
    "updatedBy": "68d8b25effe9c2eccae088b0",
    "files": [],
    "tags": [],
    "status": "new",
    "downloadStats": {
      "totalDownloads": 0
    },
    "createdAt": "2025-10-14T04:23:58.624Z",
    "updatedAt": "2025-10-14T04:23:58.624Z",
    "changeHistory": [],
    "__v": 0
  },
  {
    "_id": "68edd05e1c02af4fa739d56c",
    "academicYearId": "68d8b25effe9c2eccae088b4",
    "code": "H3.03.02.03",
    "name": "Biên bản của Hội đồng Học viện về chiến lược",
    "programId": "68d8b25effe9c2eccae088b6",
    "organizationId": "68d8b25effe9c2eccae088b5",
    "standardId": "68d8b25effe9c2eccae088b9",
    "criteriaId": "68e76a1df301daf1305d67ef",
    "createdBy": "68d8b25effe9c2eccae088b0",
    "updatedBy": "68d8b25effe9c2eccae088b0",
    "files": [],
    "tags": [],
    "status": "new",
    "downloadStats": {
      "totalDownloads": 0
    },
    "createdAt": "2025-10-14T04:23:58.630Z",
    "updatedAt": "2025-10-14T04:23:58.630Z",
    "changeHistory": [],
    "__v": 0
  },
  {
    "_id": "68edd05e1c02af4fa739d56f",
    "academicYearId": "68d8b25effe9c2eccae088b4",
    "code": "H3.03.02.04",
    "name": "Nghị quyết đảng ủy",
    "programId": "68d8b25effe9c2eccae088b6",
    "organizationId": "68d8b25effe9c2eccae088b5",
    "standardId": "68d8b25effe9c2eccae088b9",
    "criteriaId": "68e76a1df301daf1305d67ef",
    "createdBy": "68d8b25effe9c2eccae088b0",
    "updatedBy": "68d8b25effe9c2eccae088b0",
    "files": [],
    "tags": [],
    "status": "new",
    "downloadStats": {
      "totalDownloads": 0
    },
    "createdAt": "2025-10-14T04:23:58.637Z",
    "updatedAt": "2025-10-14T04:23:58.637Z",
    "changeHistory": [],
    "__v": 0
  },
  {
    "_id": "68edd05e1c02af4fa739d572",
    "academicYearId": "68d8b25effe9c2eccae088b4",
    "code": "H3.03.02.05",
    "name": "Quyết định ban hành TNSM, giá trị cốt lõi của Học viện",
    "programId": "68d8b25effe9c2eccae088b6",
    "organizationId": "68d8b25effe9c2eccae088b5",
    "standardId": "68d8b25effe9c2eccae088b9",
    "criteriaId": "68e76a1df301daf1305d67ef",
    "createdBy": "68d8b25effe9c2eccae088b0",
    "updatedBy": "68d8b25effe9c2eccae088b0",
    "files": [],
    "tags": [],
    "status": "new",
    "downloadStats": {
      "totalDownloads": 0
    },
    "createdAt": "2025-10-14T04:23:58.641Z",
    "updatedAt": "2025-10-14T04:23:58.641Z",
    "changeHistory": [],
    "__v": 0
  },
  {
    "_id": "68edd05e1c02af4fa739d575",
    "academicYearId": "68d8b25effe9c2eccae088b4",
    "code": "H3.03.02.06",
    "name": "Các tài liệu phát cho sinh viên, các tờ giới thiệu HV, hình ảnh chụp các pano nơi đặt tầm nhìn sứ mạng",
    "programId": "68d8b25effe9c2eccae088b6",
    "organizationId": "68d8b25effe9c2eccae088b5",
    "standardId": "68d8b25effe9c2eccae088b9",
    "criteriaId": "68e76a1df301daf1305d67ef",
    "createdBy": "68d8b25effe9c2eccae088b0",
    "updatedBy": "68d8b25effe9c2eccae088b0",
    "files": [],
    "tags": [],
    "status": "new",
    "downloadStats": {
      "totalDownloads": 0
    },
    "createdAt": "2025-10-14T04:23:58.645Z",
    "updatedAt": "2025-10-14T04:23:58.645Z",
    "changeHistory": [],
    "__v": 0
  },
  {
    "_id": "68edd05e1c02af4fa739d578",
    "academicYearId": "68d8b25effe9c2eccae088b4",
    "code": "H3.03.02.07",
    "name": "Kế hoạch hàng năm của Học viện",
    "programId": "68d8b25effe9c2eccae088b6",
    "organizationId": "68d8b25effe9c2eccae088b5",
    "standardId": "68d8b25effe9c2eccae088b9",
    "criteriaId": "68e76a1df301daf1305d67ef",
    "createdBy": "68d8b25effe9c2eccae088b0",
    "updatedBy": "68d8b25effe9c2eccae088b0",
    "files": [],
    "tags": [],
    "status": "new",
    "downloadStats": {
      "totalDownloads": 0
    },
    "createdAt": "2025-10-14T04:23:58.650Z",
    "updatedAt": "2025-10-14T04:23:58.650Z",
    "changeHistory": [],
    "__v": 0
  },
  {
    "_id": "68edd05e1c02af4fa739d57b",
    "academicYearId": "68d8b25effe9c2eccae088b4",
    "code": "H3.03.02.08",
    "name": "Biên bản họp giao ban các đơn vị phổ biến quán triệt TNSM",
    "programId": "68d8b25effe9c2eccae088b6",
    "organizationId": "68d8b25effe9c2eccae088b5",
    "standardId": "68d8b25effe9c2eccae088b9",
    "criteriaId": "68e76a1df301daf1305d67ef",
    "createdBy": "68d8b25effe9c2eccae088b0",
    "updatedBy": "68d8b25effe9c2eccae088b0",
    "files": [],
    "tags": [],
    "status": "new",
    "downloadStats": {
      "totalDownloads": 0
    },
    "createdAt": "2025-10-14T04:23:58.655Z",
    "updatedAt": "2025-10-14T04:23:58.655Z",
    "changeHistory": [],
    "__v": 0
  },
  {
    "_id": "68edd05e1c02af4fa739d57e",
    "academicYearId": "68d8b25effe9c2eccae088b4",
    "code": "H3.03.02.09",
    "name": "Nghị quyết Hội nghị đại biểu cán bộ viên chức năm học 2017-2018 đến 2021-2022",
    "programId": "68d8b25effe9c2eccae088b6",
    "organizationId": "68d8b25effe9c2eccae088b5",
    "standardId": "68d8b25effe9c2eccae088b9",
    "criteriaId": "68e76a1df301daf1305d67ef",
    "createdBy": "68d8b25effe9c2eccae088b0",
    "updatedBy": "68d8b25effe9c2eccae088b0",
    "files": [],
    "tags": [],
    "status": "new",
    "downloadStats": {
      "totalDownloads": 0
    },
    "createdAt": "2025-10-14T04:23:58.663Z",
    "updatedAt": "2025-10-14T04:23:58.663Z",
    "changeHistory": [],
    "__v": 0
  },
  {
    "_id": "68edd05e1c02af4fa739d581",
    "academicYearId": "68d8b25effe9c2eccae088b4",
    "code": "H3.03.02.10",
    "name": "Kế hoạch tổ chức tuần sinh hoạt công dân – HSSV các năm học 2017-2022",
    "programId": "68d8b25effe9c2eccae088b6",
    "organizationId": "68d8b25effe9c2eccae088b5",
    "standardId": "68d8b25effe9c2eccae088b9",
    "criteriaId": "68e76a1df301daf1305d67ef",
    "createdBy": "68d8b25effe9c2eccae088b0",
    "updatedBy": "68d8b25effe9c2eccae088b0",
    "files": [],
    "tags": [],
    "status": "new",
    "downloadStats": {
      "totalDownloads": 0
    },
    "createdAt": "2025-10-14T04:23:58.667Z",
    "updatedAt": "2025-10-14T04:23:58.667Z",
    "changeHistory": [],
    "__v": 0
  },
  {
    "_id": "68edd05e1c02af4fa739d584",
    "academicYearId": "68d8b25effe9c2eccae088b4",
    "code": "H3.03.02.11",
    "name": "Tờ rơi giới thiệu về Học viện",
    "programId": "68d8b25effe9c2eccae088b6",
    "organizationId": "68d8b25effe9c2eccae088b5",
    "standardId": "68d8b25effe9c2eccae088b9",
    "criteriaId": "68e76a1df301daf1305d67ef",
    "createdBy": "68d8b25effe9c2eccae088b0",
    "updatedBy": "68d8b25effe9c2eccae088b0",
    "files": [],
    "tags": [],
    "status": "new",
    "downloadStats": {
      "totalDownloads": 0
    },
    "createdAt": "2025-10-14T04:23:58.673Z",
    "updatedAt": "2025-10-14T04:23:58.673Z",
    "changeHistory": [],
    "__v": 0
  },
  {
    "_id": "68edd05e1c02af4fa739d587",
    "academicYearId": "68d8b25effe9c2eccae088b4",
    "code": "H3.03.02.12",
    "name": "Kế hoạch, phiếu lấy ý kiến các bên về xây dựng tầm nhìn sứ mạng",
    "programId": "68d8b25effe9c2eccae088b6",
    "organizationId": "68d8b25effe9c2eccae088b5",
    "standardId": "68d8b25effe9c2eccae088b9",
    "criteriaId": "68e76a1df301daf1305d67ef",
    "createdBy": "68d8b25effe9c2eccae088b0",
    "updatedBy": "68d8b25effe9c2eccae088b0",
    "files": [],
    "tags": [],
    "status": "new",
    "downloadStats": {
      "totalDownloads": 0
    },
    "createdAt": "2025-10-14T04:23:58.681Z",
    "updatedAt": "2025-10-14T04:23:58.681Z",
    "changeHistory": [],
    "__v": 0
  },
  {
    "_id": "68edd05e1c02af4fa739d58a",
    "academicYearId": "68d8b25effe9c2eccae088b4",
    "code": "H3.03.03.01",
    "name": "Kế hoạch kiểm tra của Ban Thanh tra/Ủy ban kiểm tra Đảng ủy năm 2017-2021",
    "programId": "68d8b25effe9c2eccae088b6",
    "organizationId": "68d8b25effe9c2eccae088b5",
    "standardId": "68d8b25effe9c2eccae088b9",
    "criteriaId": "68e76a1df301daf1305d6815",
    "createdBy": "68d8b25effe9c2eccae088b0",
    "updatedBy": "68d8b25effe9c2eccae088b0",
    "files": [],
    "tags": [],
    "status": "new",
    "downloadStats": {
      "totalDownloads": 0
    },
    "createdAt": "2025-10-14T04:23:58.688Z",
    "updatedAt": "2025-10-14T04:23:58.688Z",
    "changeHistory": [],
    "__v": 0
  },
  {
    "_id": "68edd05e1c02af4fa739d58d",
    "academicYearId": "68d8b25effe9c2eccae088b4",
    "code": "H3.03.03.02",
    "name": "Nghị quyết Hội nghị cán bộ viên chức năm học 2017-2018 đến 2021-2022",
    "programId": "68d8b25effe9c2eccae088b6",
    "organizationId": "68d8b25effe9c2eccae088b5",
    "standardId": "68d8b25effe9c2eccae088b9",
    "criteriaId": "68e76a1df301daf1305d6815",
    "createdBy": "68d8b25effe9c2eccae088b0",
    "updatedBy": "68d8b25effe9c2eccae088b0",
    "files": [],
    "tags": [],
    "status": "new",
    "downloadStats": {
      "totalDownloads": 0
    },
    "createdAt": "2025-10-14T04:23:58.696Z",
    "updatedAt": "2025-10-14T04:23:58.696Z",
    "changeHistory": [],
    "__v": 0
  },
  {
    "_id": "68edd05e1c02af4fa739d590",
    "academicYearId": "68d8b25effe9c2eccae088b4",
    "code": "H3.03.03.03",
    "name": "Quyết định giải thể thành lập/giải thể các đơn vị giai đoạn 2017-2022",
    "programId": "68d8b25effe9c2eccae088b6",
    "organizationId": "68d8b25effe9c2eccae088b5",
    "standardId": "68d8b25effe9c2eccae088b9",
    "criteriaId": "68e76a1df301daf1305d6815",
    "createdBy": "68d8b25effe9c2eccae088b0",
    "updatedBy": "68d8b25effe9c2eccae088b0",
    "files": [],
    "tags": [],
    "status": "new",
    "downloadStats": {
      "totalDownloads": 0
    },
    "createdAt": "2025-10-14T04:23:58.700Z",
    "updatedAt": "2025-10-14T04:23:58.700Z",
    "changeHistory": [],
    "__v": 0
  },
  {
    "_id": "68edd05e1c02af4fa739d593",
    "academicYearId": "68d8b25effe9c2eccae088b4",
    "code": "H3.03.03.04",
    "name": "Công văn rà soát chức năng nhiệm vụ các đơn vị chức năng",
    "programId": "68d8b25effe9c2eccae088b6",
    "organizationId": "68d8b25effe9c2eccae088b5",
    "standardId": "68d8b25effe9c2eccae088b9",
    "criteriaId": "68e76a1df301daf1305d6815",
    "createdBy": "68d8b25effe9c2eccae088b0",
    "updatedBy": "68d8b25effe9c2eccae088b0",
    "files": [],
    "tags": [],
    "status": "new",
    "downloadStats": {
      "totalDownloads": 0
    },
    "createdAt": "2025-10-14T04:23:58.706Z",
    "updatedAt": "2025-10-14T04:23:58.706Z",
    "changeHistory": [],
    "__v": 0
  },
  {
    "_id": "68edd05e1c02af4fa739d596",
    "academicYearId": "68d8b25effe9c2eccae088b4",
    "code": "H3.03.03.05",
    "name": "QĐ phân công công tác của Ban Giám đốc",
    "programId": "68d8b25effe9c2eccae088b6",
    "organizationId": "68d8b25effe9c2eccae088b5",
    "standardId": "68d8b25effe9c2eccae088b9",
    "criteriaId": "68e76a1df301daf1305d6815",
    "createdBy": "68d8b25effe9c2eccae088b0",
    "updatedBy": "68d8b25effe9c2eccae088b0",
    "files": [],
    "tags": [],
    "status": "new",
    "downloadStats": {
      "totalDownloads": 0
    },
    "createdAt": "2025-10-14T04:23:58.711Z",
    "updatedAt": "2025-10-14T04:23:58.711Z",
    "changeHistory": [],
    "__v": 0
  },
  {
    "_id": "68edd05e1c02af4fa739d59b",
    "academicYearId": "68d8b25effe9c2eccae088b4",
    "code": "H3.03.03.07",
    "name": "Công văn báo cáo kết quả thực hiện nghị quyết số 18 và 19-NQ/TW",
    "programId": "68d8b25effe9c2eccae088b6",
    "organizationId": "68d8b25effe9c2eccae088b5",
    "standardId": "68d8b25effe9c2eccae088b9",
    "criteriaId": "68e76a1df301daf1305d6815",
    "createdBy": "68d8b25effe9c2eccae088b0",
    "updatedBy": "68d8b25effe9c2eccae088b0",
    "files": [],
    "tags": [],
    "status": "new",
    "downloadStats": {
      "totalDownloads": 0
    },
    "createdAt": "2025-10-14T04:23:58.721Z",
    "updatedAt": "2025-10-14T04:23:58.721Z",
    "changeHistory": [],
    "__v": 0
  },
  {
    "_id": "68edd05e1c02af4fa739d59e",
    "academicYearId": "68d8b25effe9c2eccae088b4",
    "code": "H3.03.03.08",
    "name": "Đề án theo NQ 19",
    "programId": "68d8b25effe9c2eccae088b6",
    "organizationId": "68d8b25effe9c2eccae088b5",
    "standardId": "68d8b25effe9c2eccae088b9",
    "criteriaId": "68e76a1df301daf1305d6815",
    "createdBy": "68d8b25effe9c2eccae088b0",
    "updatedBy": "68d8b25effe9c2eccae088b0",
    "files": [],
    "tags": [],
    "status": "new",
    "downloadStats": {
      "totalDownloads": 0
    },
    "createdAt": "2025-10-14T04:23:58.725Z",
    "updatedAt": "2025-10-14T04:23:58.725Z",
    "changeHistory": [],
    "__v": 0
  },
  {
    "_id": "68edd05e1c02af4fa739d5a1",
    "academicYearId": "68d8b25effe9c2eccae088b4",
    "code": "H3.03.03.09",
    "name": "Công văn rà soát chức năng nhiệm vụ các đơn vị chức năng",
    "programId": "68d8b25effe9c2eccae088b6",
    "organizationId": "68d8b25effe9c2eccae088b5",
    "standardId": "68d8b25effe9c2eccae088b9",
    "criteriaId": "68e76a1df301daf1305d6815",
    "createdBy": "68d8b25effe9c2eccae088b0",
    "updatedBy": "68d8b25effe9c2eccae088b0",
    "files": [],
    "tags": [],
    "status": "new",
    "downloadStats": {
      "totalDownloads": 0
    },
    "createdAt": "2025-10-14T04:23:58.729Z",
    "updatedAt": "2025-10-14T04:23:58.729Z",
    "changeHistory": [],
    "__v": 0
  },
  {
    "_id": "68edd05e1c02af4fa739d5a4",
    "academicYearId": "68d8b25effe9c2eccae088b4",
    "code": "H3.03.03.10",
    "name": "Chức năng nhiệm vụ các đơn vị",
    "programId": "68d8b25effe9c2eccae088b6",
    "organizationId": "68d8b25effe9c2eccae088b5",
    "standardId": "68d8b25effe9c2eccae088b9",
    "criteriaId": "68e76a1df301daf1305d6815",
    "createdBy": "68d8b25effe9c2eccae088b0",
    "updatedBy": "68d8b25effe9c2eccae088b0",
    "files": [],
    "tags": [],
    "status": "new",
    "downloadStats": {
      "totalDownloads": 0
    },
    "createdAt": "2025-10-14T04:23:58.736Z",
    "updatedAt": "2025-10-14T04:23:58.736Z",
    "changeHistory": [],
    "__v": 0
  },
  {
    "_id": "68edd05e1c02af4fa739d5a7",
    "academicYearId": "68d8b25effe9c2eccae088b4",
    "code": "H3.03.03.11",
    "name": "Quy chế tổ chức 2015, 2020, 2021",
    "programId": "68d8b25effe9c2eccae088b6",
    "organizationId": "68d8b25effe9c2eccae088b5",
    "standardId": "68d8b25effe9c2eccae088b9",
    "criteriaId": "68e76a1df301daf1305d6815",
    "createdBy": "68d8b25effe9c2eccae088b0",
    "updatedBy": "68d8b25effe9c2eccae088b0",
    "files": [],
    "tags": [],
    "status": "new",
    "downloadStats": {
      "totalDownloads": 0
    },
    "createdAt": "2025-10-14T04:23:58.740Z",
    "updatedAt": "2025-10-14T04:23:58.740Z",
    "changeHistory": [],
    "__v": 0
  },
  {
    "_id": "68edd05e1c02af4fa739d5aa",
    "academicYearId": "68d8b25effe9c2eccae088b4",
    "code": "H3.03.03.12",
    "name": "Nghị định 2015 và Nghị định năm 2020",
    "programId": "68d8b25effe9c2eccae088b6",
    "organizationId": "68d8b25effe9c2eccae088b5",
    "standardId": "68d8b25effe9c2eccae088b9",
    "criteriaId": "68e76a1df301daf1305d6815",
    "createdBy": "68d8b25effe9c2eccae088b0",
    "updatedBy": "68d8b25effe9c2eccae088b0",
    "files": [],
    "tags": [],
    "status": "new",
    "downloadStats": {
      "totalDownloads": 0
    },
    "createdAt": "2025-10-14T04:23:58.745Z",
    "updatedAt": "2025-10-14T04:23:58.745Z",
    "changeHistory": [],
    "__v": 0
  },
  {
    "_id": "68edd05e1c02af4fa739d5ad",
    "academicYearId": "68d8b25effe9c2eccae088b4",
    "code": "H3.03.03.13",
    "name": "Bản kiểm điểm của 1 số lãnh đạo, quản lý",
    "programId": "68d8b25effe9c2eccae088b6",
    "organizationId": "68d8b25effe9c2eccae088b5",
    "standardId": "68d8b25effe9c2eccae088b9",
    "criteriaId": "68e76a1df301daf1305d6815",
    "createdBy": "68d8b25effe9c2eccae088b0",
    "updatedBy": "68d8b25effe9c2eccae088b0",
    "files": [],
    "tags": [],
    "status": "new",
    "downloadStats": {
      "totalDownloads": 0
    },
    "createdAt": "2025-10-14T04:23:58.750Z",
    "updatedAt": "2025-10-14T04:23:58.750Z",
    "changeHistory": [],
    "__v": 0
  },
  {
    "_id": "68edd05e1c02af4fa739d5b0",
    "academicYearId": "68d8b25effe9c2eccae088b4",
    "code": "H3.03.03.14",
    "name": "Biên bản họp của một số lãnh đạo quản lý",
    "programId": "68d8b25effe9c2eccae088b6",
    "organizationId": "68d8b25effe9c2eccae088b5",
    "standardId": "68d8b25effe9c2eccae088b9",
    "criteriaId": "68e76a1df301daf1305d6815",
    "createdBy": "68d8b25effe9c2eccae088b0",
    "updatedBy": "68d8b25effe9c2eccae088b0",
    "files": [],
    "tags": [],
    "status": "new",
    "downloadStats": {
      "totalDownloads": 0
    },
    "createdAt": "2025-10-14T04:23:58.753Z",
    "updatedAt": "2025-10-14T04:23:58.753Z",
    "changeHistory": [],
    "__v": 0
  },
  {
    "_id": "68edd05e1c02af4fa739d5b3",
    "academicYearId": "68d8b25effe9c2eccae088b4",
    "code": "H3.03.03.15",
    "name": "Báo cáo tổng kết công tác lãnh đạo của Đảng bộ năm 2015 và phương hướng nhiệm vụ năm 2017 đến 2021",
    "programId": "68d8b25effe9c2eccae088b6",
    "organizationId": "68d8b25effe9c2eccae088b5",
    "standardId": "68d8b25effe9c2eccae088b9",
    "criteriaId": "68e76a1df301daf1305d6815",
    "createdBy": "68d8b25effe9c2eccae088b0",
    "updatedBy": "68d8b25effe9c2eccae088b0",
    "files": [],
    "tags": [],
    "status": "new",
    "downloadStats": {
      "totalDownloads": 0
    },
    "createdAt": "2025-10-14T04:23:58.757Z",
    "updatedAt": "2025-10-14T04:23:58.757Z",
    "changeHistory": [],
    "__v": 0
  },
  {
    "_id": "68edd05e1c02af4fa739d5b6",
    "academicYearId": "68d8b25effe9c2eccae088b4",
    "code": "H3.03.03.16",
    "name": "Nhận xét, đánh giá của Lãnh đạo Học viện đối với Phó Giám đốc Học viện",
    "programId": "68d8b25effe9c2eccae088b6",
    "organizationId": "68d8b25effe9c2eccae088b5",
    "standardId": "68d8b25effe9c2eccae088b9",
    "criteriaId": "68e76a1df301daf1305d6815",
    "createdBy": "68d8b25effe9c2eccae088b0",
    "updatedBy": "68d8b25effe9c2eccae088b0",
    "files": [],
    "tags": [],
    "status": "new",
    "downloadStats": {
      "totalDownloads": 0
    },
    "createdAt": "2025-10-14T04:23:58.761Z",
    "updatedAt": "2025-10-14T04:23:58.761Z",
    "changeHistory": [],
    "__v": 0
  },
  {
    "_id": "68edd05e1c02af4fa739d5b9",
    "academicYearId": "68d8b25effe9c2eccae088b4",
    "code": "H3.03.03.17",
    "name": "Kế hoạch lấy phiếu tin nhiệm giữa nhiệm kỳ",
    "programId": "68d8b25effe9c2eccae088b6",
    "organizationId": "68d8b25effe9c2eccae088b5",
    "standardId": "68d8b25effe9c2eccae088b9",
    "criteriaId": "68e76a1df301daf1305d6815",
    "createdBy": "68d8b25effe9c2eccae088b0",
    "updatedBy": "68d8b25effe9c2eccae088b0",
    "files": [],
    "tags": [],
    "status": "new",
    "downloadStats": {
      "totalDownloads": 0
    },
    "createdAt": "2025-10-14T04:23:58.765Z",
    "updatedAt": "2025-10-14T04:23:58.765Z",
    "changeHistory": [],
    "__v": 0
  },
  {
    "_id": "68edd05e1c02af4fa739d5bc",
    "academicYearId": "68d8b25effe9c2eccae088b4",
    "code": "H3.03.03.18",
    "name": "Báo cáo kết quả đánh giá phân loại viên chức và người lao động từ 2017-2021",
    "programId": "68d8b25effe9c2eccae088b6",
    "organizationId": "68d8b25effe9c2eccae088b5",
    "standardId": "68d8b25effe9c2eccae088b9",
    "criteriaId": "68e76a1df301daf1305d6815",
    "createdBy": "68d8b25effe9c2eccae088b0",
    "updatedBy": "68d8b25effe9c2eccae088b0",
    "files": [],
    "tags": [],
    "status": "new",
    "downloadStats": {
      "totalDownloads": 0
    },
    "createdAt": "2025-10-14T04:23:58.768Z",
    "updatedAt": "2025-10-14T04:23:58.768Z",
    "changeHistory": [],
    "__v": 0
  },
  {
    "_id": "68edd05e1c02af4fa739d5bf",
    "academicYearId": "68d8b25effe9c2eccae088b4",
    "code": "H3.03.03.19",
    "name": "Hướng dẫn đánh giá phân loại công chức, viên chức và người lao động từ 2017-2021",
    "programId": "68d8b25effe9c2eccae088b6",
    "organizationId": "68d8b25effe9c2eccae088b5",
    "standardId": "68d8b25effe9c2eccae088b9",
    "criteriaId": "68e76a1df301daf1305d6815",
    "createdBy": "68d8b25effe9c2eccae088b0",
    "updatedBy": "68d8b25effe9c2eccae088b0",
    "files": [],
    "tags": [],
    "status": "new",
    "downloadStats": {
      "totalDownloads": 0
    },
    "createdAt": "2025-10-14T04:23:58.773Z",
    "updatedAt": "2025-10-14T04:23:58.773Z",
    "changeHistory": [],
    "__v": 0
  },
  {
    "_id": "68edd05e1c02af4fa739d5c2",
    "academicYearId": "68d8b25effe9c2eccae088b4",
    "code": "H3.03.03.20",
    "name": "Quyết định thành lập các Hội đồng: Khoa học đào tạo; Nâng lương; Học bổng; Xét tốt nghiệp; Xét điểm rèn luyện; Thi đua khen thưởng; Dừng học thôi học....",
    "programId": "68d8b25effe9c2eccae088b6",
    "organizationId": "68d8b25effe9c2eccae088b5",
    "standardId": "68d8b25effe9c2eccae088b9",
    "criteriaId": "68e76a1df301daf1305d6815",
    "createdBy": "68d8b25effe9c2eccae088b0",
    "updatedBy": "68d8b25effe9c2eccae088b0",
    "files": [],
    "tags": [],
    "status": "new",
    "downloadStats": {
      "totalDownloads": 0
    },
    "createdAt": "2025-10-14T04:23:58.777Z",
    "updatedAt": "2025-10-14T04:23:58.777Z",
    "changeHistory": [],
    "__v": 0
  },
  {
    "_id": "68edd05e1c02af4fa739d5c5",
    "academicYearId": "68d8b25effe9c2eccae088b4",
    "code": "H3.03.03.21",
    "name": "Đề án thành lập Hội đồng Học viện 2021-2026",
    "programId": "68d8b25effe9c2eccae088b6",
    "organizationId": "68d8b25effe9c2eccae088b5",
    "standardId": "68d8b25effe9c2eccae088b9",
    "criteriaId": "68e76a1df301daf1305d6815",
    "createdBy": "68d8b25effe9c2eccae088b0",
    "updatedBy": "68d8b25effe9c2eccae088b0",
    "files": [],
    "tags": [],
    "status": "new",
    "downloadStats": {
      "totalDownloads": 0
    },
    "createdAt": "2025-10-14T04:23:58.783Z",
    "updatedAt": "2025-10-14T04:23:58.783Z",
    "changeHistory": [],
    "__v": 0
  },
  {
    "_id": "68edd05e1c02af4fa739d5c8",
    "academicYearId": "68d8b25effe9c2eccae088b4",
    "code": "H3.03.03.22",
    "name": "Quyết định phê duyệt quy hoạch chức danh Giám đốc và Phó Giám đốc Học viện 2016-2021, 2021-2026",
    "programId": "68d8b25effe9c2eccae088b6",
    "organizationId": "68d8b25effe9c2eccae088b5",
    "standardId": "68d8b25effe9c2eccae088b9",
    "criteriaId": "68e76a1df301daf1305d6815",
    "createdBy": "68d8b25effe9c2eccae088b0",
    "updatedBy": "68d8b25effe9c2eccae088b0",
    "files": [],
    "tags": [],
    "status": "new",
    "downloadStats": {
      "totalDownloads": 0
    },
    "createdAt": "2025-10-14T04:23:58.786Z",
    "updatedAt": "2025-10-14T04:23:58.786Z",
    "changeHistory": [],
    "__v": 0
  },
  {
    "_id": "68edd05e1c02af4fa739d5cb",
    "academicYearId": "68d8b25effe9c2eccae088b4",
    "code": "H3.03.03.23",
    "name": "Công văn chủ trương về công tác cán bộ của Học viện",
    "programId": "68d8b25effe9c2eccae088b6",
    "organizationId": "68d8b25effe9c2eccae088b5",
    "standardId": "68d8b25effe9c2eccae088b9",
    "criteriaId": "68e76a1df301daf1305d6815",
    "createdBy": "68d8b25effe9c2eccae088b0",
    "updatedBy": "68d8b25effe9c2eccae088b0",
    "files": [],
    "tags": [],
    "status": "new",
    "downloadStats": {
      "totalDownloads": 0
    },
    "createdAt": "2025-10-14T04:23:58.790Z",
    "updatedAt": "2025-10-14T04:23:58.790Z",
    "changeHistory": [],
    "__v": 0
  },
  {
    "_id": "68edd05e1c02af4fa739d5ce",
    "academicYearId": "68d8b25effe9c2eccae088b4",
    "code": "H3.03.03.24",
    "name": "Quyết định về việc quy hoạch cán bộ quản lý các đơn vị trực thuộc Học viện: 2016-2021, 2021-2026",
    "programId": "68d8b25effe9c2eccae088b6",
    "organizationId": "68d8b25effe9c2eccae088b5",
    "standardId": "68d8b25effe9c2eccae088b9",
    "criteriaId": "68e76a1df301daf1305d6815",
    "createdBy": "68d8b25effe9c2eccae088b0",
    "updatedBy": "68d8b25effe9c2eccae088b0",
    "files": [],
    "tags": [],
    "status": "new",
    "downloadStats": {
      "totalDownloads": 0
    },
    "createdAt": "2025-10-14T04:23:58.796Z",
    "updatedAt": "2025-10-14T04:23:58.796Z",
    "changeHistory": [],
    "__v": 0
  },
  {
    "_id": "68edd05e1c02af4fa739d5d1",
    "academicYearId": "68d8b25effe9c2eccae088b4",
    "code": "H3.03.03.25",
    "name": "Lý lịch cán bộ và nhận xét đánh giá của Nhà trường đối với cán bộ quản lý",
    "programId": "68d8b25effe9c2eccae088b6",
    "organizationId": "68d8b25effe9c2eccae088b5",
    "standardId": "68d8b25effe9c2eccae088b9",
    "criteriaId": "68e76a1df301daf1305d6815",
    "createdBy": "68d8b25effe9c2eccae088b0",
    "updatedBy": "68d8b25effe9c2eccae088b0",
    "files": [],
    "tags": [],
    "status": "new",
    "downloadStats": {
      "totalDownloads": 0
    },
    "createdAt": "2025-10-14T04:23:58.803Z",
    "updatedAt": "2025-10-14T04:23:58.803Z",
    "changeHistory": [],
    "__v": 0
  },
  {
    "_id": "68edd05e1c02af4fa739d5d4",
    "academicYearId": "68d8b25effe9c2eccae088b4",
    "code": "H3.03.03.26",
    "name": "Công văn xây dựng vị trí việc làm",
    "programId": "68d8b25effe9c2eccae088b6",
    "organizationId": "68d8b25effe9c2eccae088b5",
    "standardId": "68d8b25effe9c2eccae088b9",
    "criteriaId": "68e76a1df301daf1305d6815",
    "createdBy": "68d8b25effe9c2eccae088b0",
    "updatedBy": "68d8b25effe9c2eccae088b0",
    "files": [
      "68ee00f519a2d2630f987e56"
    ],
    "tags": [],
    "status": "approved",
    "downloadStats": {
      "totalDownloads": 0
    },
    "createdAt": "2025-10-14T04:23:58.807Z",
    "updatedAt": "2025-10-14T07:51:17.214Z",
    "changeHistory": [
      {
        "action": "updated",
        "changedBy": "68d8b25effe9c2eccae088b0",
        "changes": [
          "status",
          "updatedAt"
        ],
        "_id": "68edef2a1c02af4fa739e420",
        "changedAt": "2025-10-14T06:35:22.932Z"
      },
      {
        "action": "updated",
        "changedBy": "68d8b25effe9c2eccae088b0",
        "changes": [
          "files",
          "updatedAt"
        ],
        "_id": "68ee00f519a2d2630f987e58",
        "changedAt": "2025-10-14T07:51:17.208Z"
      },
      {
        "action": "updated",
        "changedBy": "68d8b25effe9c2eccae088b0",
        "changes": [
          "status",
          "updatedAt"
        ],
        "_id": "68ee00f519a2d2630f987e5b",
        "changedAt": "2025-10-14T07:51:17.214Z"
      }
    ],
    "__v": 3
  },
  {
    "_id": "68edd05e1c02af4fa739d5d7",
    "academicYearId": "68d8b25effe9c2eccae088b4",
    "code": "H3.03.03.27",
    "name": "Đề án vị trí việc làm của Học viện gửi Bộ NN và PTNT",
    "programId": "68d8b25effe9c2eccae088b6",
    "organizationId": "68d8b25effe9c2eccae088b5",
    "standardId": "68d8b25effe9c2eccae088b9",
    "criteriaId": "68e76a1df301daf1305d6815",
    "createdBy": "68d8b25effe9c2eccae088b0",
    "updatedBy": "68d8b25effe9c2eccae088b0",
    "files": [
      "68edd6961c02af4fa739dcaa",
      "68edd6971c02af4fa739dcb8",
      "68ee00e619a2d2630f987d49"
    ],
    "tags": [],
    "status": "approved",
    "downloadStats": {
      "totalDownloads": 0
    },
    "createdAt": "2025-10-14T04:23:58.816Z",
    "updatedAt": "2025-10-14T07:51:02.504Z",
    "changeHistory": [
      {
        "action": "updated",
        "changedBy": "68d8b25effe9c2eccae088b0",
        "changes": [
          "status",
          "updatedAt"
        ],
        "_id": "68edd6881c02af4fa739dc44",
        "changedAt": "2025-10-14T04:50:16.917Z"
      },
      {
        "action": "updated",
        "changedBy": "68d8b25effe9c2eccae088b0",
        "changes": [
          "files",
          "updatedAt"
        ],
        "_id": "68edd6961c02af4fa739dcac",
        "changedAt": "2025-10-14T04:50:30.968Z"
      },
      {
        "action": "updated",
        "changedBy": "68d8b25effe9c2eccae088b0",
        "changes": [
          "files",
          "updatedAt"
        ],
        "_id": "68edd6971c02af4fa739dcba",
        "changedAt": "2025-10-14T04:50:31.054Z"
      },
      {
        "action": "updated",
        "changedBy": "68d8b25effe9c2eccae088b0",
        "changes": [
          "files",
          "updatedAt"
        ],
        "_id": "68ee00e619a2d2630f987d4b",
        "changedAt": "2025-10-14T07:51:02.490Z"
      },
      {
        "action": "updated",
        "changedBy": "68d8b25effe9c2eccae088b0",
        "changes": [
          "status",
          "updatedAt"
        ],
        "_id": "68ee00e619a2d2630f987d4e",
        "changedAt": "2025-10-14T07:51:02.504Z"
      }
    ],
    "__v": 5
  },
  {
    "_id": "68edd05e1c02af4fa739d5da",
    "academicYearId": "68d8b25effe9c2eccae088b4",
    "code": "H3.03.03.28",
    "name": "Quyết định phê duyệt vị trí việc làm và số người làm việc",
    "programId": "68d8b25effe9c2eccae088b6",
    "organizationId": "68d8b25effe9c2eccae088b5",
    "standardId": "68d8b25effe9c2eccae088b9",
    "criteriaId": "68e76a1df301daf1305d6815",
    "createdBy": "68d8b25effe9c2eccae088b0",
    "updatedBy": "68d8b25effe9c2eccae088b0",
    "files": [
      "68edd41a1c02af4fa739d957",
      "68edd8671c02af4fa739e02f",
      "68edd8671c02af4fa739e03e"
    ],
    "tags": [],
    "status": "approved",
    "downloadStats": {
      "totalDownloads": 0
    },
    "createdAt": "2025-10-14T04:23:58.819Z",
    "updatedAt": "2025-10-14T07:48:43.486Z",
    "changeHistory": [
      {
        "action": "updated",
        "changedBy": "68d8b25effe9c2eccae088b0",
        "changes": [
          "status",
          "updatedAt"
        ],
        "_id": "68edd4141c02af4fa739d92e",
        "changedAt": "2025-10-14T04:39:48.108Z"
      },
      {
        "action": "updated",
        "changedBy": "68d8b25effe9c2eccae088b0",
        "changes": [
          "files",
          "updatedAt"
        ],
        "_id": "68edd41a1c02af4fa739d959",
        "changedAt": "2025-10-14T04:39:54.359Z"
      },
      {
        "action": "updated",
        "changedBy": "68d8b25effe9c2eccae088b0",
        "changes": [
          "files",
          "updatedAt"
        ],
        "_id": "68edd8671c02af4fa739e031",
        "changedAt": "2025-10-14T04:58:15.120Z"
      },
      {
        "action": "updated",
        "changedBy": "68d8b25effe9c2eccae088b0",
        "changes": [
          "files",
          "updatedAt"
        ],
        "_id": "68edd8671c02af4fa739e040",
        "changedAt": "2025-10-14T04:58:15.179Z"
      },
      {
        "action": "updated",
        "changedBy": "68d8b25effe9c2eccae088b0",
        "changes": [
          "files",
          "updatedAt"
        ],
        "_id": "68ee005b19a2d2630f9878d5",
        "changedAt": "2025-10-14T07:48:43.470Z"
      },
      {
        "action": "updated",
        "changedBy": "68d8b25effe9c2eccae088b0",
        "changes": [
          "status",
          "updatedAt"
        ],
        "_id": "68ee005b19a2d2630f9878d8",
        "changedAt": "2025-10-14T07:48:43.486Z"
      }
    ],
    "__v": 6
  },
  {
    "_id": "68ee1e02cdfbf697fdd66a0b",
    "academicYearId": "68d8b25effe9c2eccae088b4",
    "code": "B3.03.01.01",
    "name": "Quy chế tổ chức và hoạt động của HV, Quy định chức năng các đơn vị",
    "programId": "68d8b25effe9c2eccae088b6",
    "organizationId": "68d8b25effe9c2eccae088b5",
    "standardId": "68d8b25effe9c2eccae088b9",
    "criteriaId": "68e76a1df301daf1305d67c3",
    "createdBy": "68d8b25effe9c2eccae088b0",
    "updatedBy": "68d8b25effe9c2eccae088b0",
    "files": [],
    "tags": [],
    "status": "new",
    "downloadStats": {
      "totalDownloads": 0
    },
    "createdAt": "2025-10-14T09:55:14.820Z",
    "updatedAt": "2025-10-14T09:55:14.820Z",
    "changeHistory": [],
    "__v": 0
  },
  {
    "_id": "68ee1e02cdfbf697fdd66a0e",
    "academicYearId": "68d8b25effe9c2eccae088b4",
    "code": "B3.03.01.02",
    "name": "Cơ cấu tổ chức của Học viện năm 2017-2021",
    "programId": "68d8b25effe9c2eccae088b6",
    "organizationId": "68d8b25effe9c2eccae088b5",
    "standardId": "68d8b25effe9c2eccae088b9",
    "criteriaId": "68e76a1df301daf1305d67c3",
    "createdBy": "68d8b25effe9c2eccae088b0",
    "updatedBy": "68d8b25effe9c2eccae088b0",
    "files": [],
    "tags": [],
    "status": "in_progress",
    "downloadStats": {
      "totalDownloads": 0
    },
    "createdAt": "2025-10-14T09:55:14.841Z",
    "updatedAt": "2025-10-17T08:20:10.043Z",
    "changeHistory": [
      {
        "action": "updated",
        "changedBy": "68d8b25effe9c2eccae088b0",
        "changes": [
          "status",
          "updatedAt"
        ],
        "_id": "68f1fc3aa7c8ecb70bc55ce9",
        "changedAt": "2025-10-17T08:20:10.047Z"
      }
    ],
    "__v": 1
  },
  {
    "_id": "68ee1e02cdfbf697fdd66a11",
    "academicYearId": "68d8b25effe9c2eccae088b4",
    "code": "B3.03.01.03",
    "name": "Chức năng nhiệm vụ các đơn vị",
    "programId": "68d8b25effe9c2eccae088b6",
    "organizationId": "68d8b25effe9c2eccae088b5",
    "standardId": "68d8b25effe9c2eccae088b9",
    "criteriaId": "68e76a1df301daf1305d67c3",
    "createdBy": "68d8b25effe9c2eccae088b0",
    "updatedBy": "68d8b25effe9c2eccae088b0",
    "files": [],
    "tags": [],
    "status": "new",
    "downloadStats": {
      "totalDownloads": 0
    },
    "createdAt": "2025-10-14T09:55:14.845Z",
    "updatedAt": "2025-10-14T09:55:14.845Z",
    "changeHistory": [],
    "__v": 0
  },
  {
    "_id": "68ee1e02cdfbf697fdd66a14",
    "academicYearId": "68d8b25effe9c2eccae088b4",
    "code": "B3.03.01.04",
    "name": "QĐ thành lập HĐ HV 2016_2021 và 2021-2026",
    "programId": "68d8b25effe9c2eccae088b6",
    "organizationId": "68d8b25effe9c2eccae088b5",
    "standardId": "68d8b25effe9c2eccae088b9",
    "criteriaId": "68e76a1df301daf1305d67c3",
    "createdBy": "68d8b25effe9c2eccae088b0",
    "updatedBy": "68d8b25effe9c2eccae088b0",
    "files": [],
    "tags": [],
    "status": "new",
    "downloadStats": {
      "totalDownloads": 0
    },
    "createdAt": "2025-10-14T09:55:14.850Z",
    "updatedAt": "2025-10-14T09:55:14.850Z",
    "changeHistory": [],
    "__v": 0
  },
  {
    "_id": "68ee1e02cdfbf697fdd66a17",
    "academicYearId": "68d8b25effe9c2eccae088b4",
    "code": "B3.03.01.05",
    "name": "Quy chế tổ chức/làm việc của HĐHV_Quy chế của Đảng ủy",
    "programId": "68d8b25effe9c2eccae088b6",
    "organizationId": "68d8b25effe9c2eccae088b5",
    "standardId": "68d8b25effe9c2eccae088b9",
    "criteriaId": "68e76a1df301daf1305d67c3",
    "createdBy": "68d8b25effe9c2eccae088b0",
    "updatedBy": "68d8b25effe9c2eccae088b0",
    "files": [],
    "tags": [],
    "status": "new",
    "downloadStats": {
      "totalDownloads": 0
    },
    "createdAt": "2025-10-14T09:55:14.854Z",
    "updatedAt": "2025-10-14T09:55:14.854Z",
    "changeHistory": [],
    "__v": 0
  },
  {
    "_id": "68ee1e02cdfbf697fdd66a1a",
    "academicYearId": "68d8b25effe9c2eccae088b4",
    "code": "B3.03.01.06",
    "name": "Quy chế làm việc của Ban Giám đốc",
    "programId": "68d8b25effe9c2eccae088b6",
    "organizationId": "68d8b25effe9c2eccae088b5",
    "standardId": "68d8b25effe9c2eccae088b9",
    "criteriaId": "68e76a1df301daf1305d67c3",
    "createdBy": "68d8b25effe9c2eccae088b0",
    "updatedBy": "68d8b25effe9c2eccae088b0",
    "files": [],
    "tags": [],
    "status": "new",
    "downloadStats": {
      "totalDownloads": 0
    },
    "createdAt": "2025-10-14T09:55:14.858Z",
    "updatedAt": "2025-10-14T09:55:14.858Z",
    "changeHistory": [],
    "__v": 0
  },
  {
    "_id": "68ee1e02cdfbf697fdd66a1d",
    "academicYearId": "68d8b25effe9c2eccae088b4",
    "code": "B3.03.01.07",
    "name": "Phân công công tác của GĐ và PGĐ",
    "programId": "68d8b25effe9c2eccae088b6",
    "organizationId": "68d8b25effe9c2eccae088b5",
    "standardId": "68d8b25effe9c2eccae088b9",
    "criteriaId": "68e76a1df301daf1305d67c3",
    "createdBy": "68d8b25effe9c2eccae088b0",
    "updatedBy": "68d8b25effe9c2eccae088b0",
    "files": [],
    "tags": [],
    "status": "new",
    "downloadStats": {
      "totalDownloads": 0
    },
    "createdAt": "2025-10-14T09:55:14.862Z",
    "updatedAt": "2025-10-14T09:55:14.862Z",
    "changeHistory": [],
    "__v": 0
  },
  {
    "_id": "68ee1e02cdfbf697fdd66a20",
    "academicYearId": "68d8b25effe9c2eccae088b4",
    "code": "B3.03.01.08",
    "name": "Chức năng nhiệm vụ Khoa/Viện/Trung tâm",
    "programId": "68d8b25effe9c2eccae088b6",
    "organizationId": "68d8b25effe9c2eccae088b5",
    "standardId": "68d8b25effe9c2eccae088b9",
    "criteriaId": "68e76a1df301daf1305d67c3",
    "createdBy": "68d8b25effe9c2eccae088b0",
    "updatedBy": "68d8b25effe9c2eccae088b0",
    "files": [],
    "tags": [],
    "status": "new",
    "downloadStats": {
      "totalDownloads": 0
    },
    "createdAt": "2025-10-14T09:55:14.866Z",
    "updatedAt": "2025-10-14T09:55:14.866Z",
    "changeHistory": [],
    "__v": 0
  },
  {
    "_id": "68ee1e02cdfbf697fdd66a23",
    "academicYearId": "68d8b25effe9c2eccae088b4",
    "code": "B3.03.01.09",
    "name": "QĐ Ban chấp Hành đảng bộ, Công đoàn, Đoàn Thanh niên, Hội sinh viên",
    "programId": "68d8b25effe9c2eccae088b6",
    "organizationId": "68d8b25effe9c2eccae088b5",
    "standardId": "68d8b25effe9c2eccae088b9",
    "criteriaId": "68e76a1df301daf1305d67c3",
    "createdBy": "68d8b25effe9c2eccae088b0",
    "updatedBy": "68d8b25effe9c2eccae088b0",
    "files": [],
    "tags": [],
    "status": "new",
    "downloadStats": {
      "totalDownloads": 0
    },
    "createdAt": "2025-10-14T09:55:14.870Z",
    "updatedAt": "2025-10-14T09:55:14.870Z",
    "changeHistory": [],
    "__v": 0
  },
  {
    "_id": "68ee1e02cdfbf697fdd66a26",
    "academicYearId": "68d8b25effe9c2eccae088b4",
    "code": "B3.03.01.10",
    "name": "Phân công công tác của GĐ và PGĐ",
    "programId": "68d8b25effe9c2eccae088b6",
    "organizationId": "68d8b25effe9c2eccae088b5",
    "standardId": "68d8b25effe9c2eccae088b9",
    "criteriaId": "68e76a1df301daf1305d67c3",
    "createdBy": "68d8b25effe9c2eccae088b0",
    "updatedBy": "68d8b25effe9c2eccae088b0",
    "files": [],
    "tags": [],
    "status": "new",
    "downloadStats": {
      "totalDownloads": 0
    },
    "createdAt": "2025-10-14T09:55:14.874Z",
    "updatedAt": "2025-10-14T09:55:14.874Z",
    "changeHistory": [],
    "__v": 0
  },
  {
    "_id": "68ee1e02cdfbf697fdd66a29",
    "academicYearId": "68d8b25effe9c2eccae088b4",
    "code": "B3.03.01.11",
    "name": "Quy chế TC và HĐ, Quy chế bổ nhiệm",
    "programId": "68d8b25effe9c2eccae088b6",
    "organizationId": "68d8b25effe9c2eccae088b5",
    "standardId": "68d8b25effe9c2eccae088b9",
    "criteriaId": "68e76a1df301daf1305d67c3",
    "createdBy": "68d8b25effe9c2eccae088b0",
    "updatedBy": "68d8b25effe9c2eccae088b0",
    "files": [],
    "tags": [],
    "status": "new",
    "downloadStats": {
      "totalDownloads": 0
    },
    "createdAt": "2025-10-14T09:55:14.878Z",
    "updatedAt": "2025-10-14T09:55:14.878Z",
    "changeHistory": [],
    "__v": 0
  },
  {
    "_id": "68ee1e02cdfbf697fdd66a2c",
    "academicYearId": "68d8b25effe9c2eccae088b4",
    "code": "B3.03.01.12",
    "name": "Các QĐ bổ nhiệm",
    "programId": "68d8b25effe9c2eccae088b6",
    "organizationId": "68d8b25effe9c2eccae088b5",
    "standardId": "68d8b25effe9c2eccae088b9",
    "criteriaId": "68e76a1df301daf1305d67c3",
    "createdBy": "68d8b25effe9c2eccae088b0",
    "updatedBy": "68d8b25effe9c2eccae088b0",
    "files": [],
    "tags": [],
    "status": "new",
    "downloadStats": {
      "totalDownloads": 0
    },
    "createdAt": "2025-10-14T09:55:14.882Z",
    "updatedAt": "2025-10-14T09:55:14.882Z",
    "changeHistory": [],
    "__v": 0
  },
  {
    "_id": "68ee1e02cdfbf697fdd66a2f",
    "academicYearId": "68d8b25effe9c2eccae088b4",
    "code": "B3.03.01.13",
    "name": "Nghị quyết Đảng ủy, HĐ Học viện, Kết luận của GĐ/PGĐ",
    "programId": "68d8b25effe9c2eccae088b6",
    "organizationId": "68d8b25effe9c2eccae088b5",
    "standardId": "68d8b25effe9c2eccae088b9",
    "criteriaId": "68e76a1df301daf1305d67c3",
    "createdBy": "68d8b25effe9c2eccae088b0",
    "updatedBy": "68d8b25effe9c2eccae088b0",
    "files": [],
    "tags": [],
    "status": "new",
    "downloadStats": {
      "totalDownloads": 0
    },
    "createdAt": "2025-10-14T09:55:14.886Z",
    "updatedAt": "2025-10-14T09:55:14.886Z",
    "changeHistory": [],
    "__v": 0
  },
  {
    "_id": "68ee1e02cdfbf697fdd66a32",
    "academicYearId": "68d8b25effe9c2eccae088b4",
    "code": "B3.03.01.14",
    "name": "Quy chế làm việc của Học viện",
    "programId": "68d8b25effe9c2eccae088b6",
    "organizationId": "68d8b25effe9c2eccae088b5",
    "standardId": "68d8b25effe9c2eccae088b9",
    "criteriaId": "68e76a1df301daf1305d67c3",
    "createdBy": "68d8b25effe9c2eccae088b0",
    "updatedBy": "68d8b25effe9c2eccae088b0",
    "files": [],
    "tags": [],
    "status": "new",
    "downloadStats": {
      "totalDownloads": 0
    },
    "createdAt": "2025-10-14T09:55:14.889Z",
    "updatedAt": "2025-10-14T09:55:14.889Z",
    "changeHistory": [],
    "__v": 0
  },
  {
    "_id": "68ee1e42cdfbf697fdd66a63",
    "academicYearId": "68d8b25effe9c2eccae088b4",
    "code": "B3.03.02.01",
    "name": "Quyết định Tổ công tác xây dựng chiến lược (trong đó có tầm nhìn sứ mạng",
    "programId": "68d8b25effe9c2eccae088b6",
    "organizationId": "68d8b25effe9c2eccae088b5",
    "standardId": "68d8b25effe9c2eccae088b9",
    "criteriaId": "68e76a1df301daf1305d67ef",
    "createdBy": "68d8b25effe9c2eccae088b0",
    "updatedBy": "68d8b25effe9c2eccae088b0",
    "files": [],
    "tags": [],
    "status": "new",
    "downloadStats": {
      "totalDownloads": 0
    },
    "createdAt": "2025-10-14T09:56:18.071Z",
    "updatedAt": "2025-10-14T09:56:18.071Z",
    "changeHistory": [],
    "__v": 0
  },
  {
    "_id": "68ee1e42cdfbf697fdd66a66",
    "academicYearId": "68d8b25effe9c2eccae088b4",
    "code": "B3.03.02.02",
    "name": "Kế hoạch, phiếu lấy ý kiến các bên về xây dựng tầm nhìn sứ mạng",
    "programId": "68d8b25effe9c2eccae088b6",
    "organizationId": "68d8b25effe9c2eccae088b5",
    "standardId": "68d8b25effe9c2eccae088b9",
    "criteriaId": "68e76a1df301daf1305d67ef",
    "createdBy": "68d8b25effe9c2eccae088b0",
    "updatedBy": "68d8b25effe9c2eccae088b0",
    "files": [],
    "tags": [],
    "status": "new",
    "downloadStats": {
      "totalDownloads": 0
    },
    "createdAt": "2025-10-14T09:56:18.078Z",
    "updatedAt": "2025-10-14T09:56:18.078Z",
    "changeHistory": [],
    "__v": 0
  },
  {
    "_id": "68ee1e42cdfbf697fdd66a69",
    "academicYearId": "68d8b25effe9c2eccae088b4",
    "code": "B3.03.02.03",
    "name": "Biên bản của Hội đồng Học viện về chiến lược",
    "programId": "68d8b25effe9c2eccae088b6",
    "organizationId": "68d8b25effe9c2eccae088b5",
    "standardId": "68d8b25effe9c2eccae088b9",
    "criteriaId": "68e76a1df301daf1305d67ef",
    "createdBy": "68d8b25effe9c2eccae088b0",
    "updatedBy": "68d8b25effe9c2eccae088b0",
    "files": [],
    "tags": [],
    "status": "new",
    "downloadStats": {
      "totalDownloads": 0
    },
    "createdAt": "2025-10-14T09:56:18.085Z",
    "updatedAt": "2025-10-14T09:56:18.085Z",
    "changeHistory": [],
    "__v": 0
  },
  {
    "_id": "68ee1e42cdfbf697fdd66a6c",
    "academicYearId": "68d8b25effe9c2eccae088b4",
    "code": "B3.03.02.04",
    "name": "Nghị quyết đảng ủy",
    "programId": "68d8b25effe9c2eccae088b6",
    "organizationId": "68d8b25effe9c2eccae088b5",
    "standardId": "68d8b25effe9c2eccae088b9",
    "criteriaId": "68e76a1df301daf1305d67ef",
    "createdBy": "68d8b25effe9c2eccae088b0",
    "updatedBy": "68d8b25effe9c2eccae088b0",
    "files": [],
    "tags": [],
    "status": "new",
    "downloadStats": {
      "totalDownloads": 0
    },
    "createdAt": "2025-10-14T09:56:18.090Z",
    "updatedAt": "2025-10-14T09:56:18.090Z",
    "changeHistory": [],
    "__v": 0
  },
  {
    "_id": "68ee1e42cdfbf697fdd66a6f",
    "academicYearId": "68d8b25effe9c2eccae088b4",
    "code": "B3.03.02.05",
    "name": "Quyết định ban hành TNSM, giá trị cốt lõi của Học viện",
    "programId": "68d8b25effe9c2eccae088b6",
    "organizationId": "68d8b25effe9c2eccae088b5",
    "standardId": "68d8b25effe9c2eccae088b9",
    "criteriaId": "68e76a1df301daf1305d67ef",
    "createdBy": "68d8b25effe9c2eccae088b0",
    "updatedBy": "68d8b25effe9c2eccae088b0",
    "files": [],
    "tags": [],
    "status": "new",
    "downloadStats": {
      "totalDownloads": 0
    },
    "createdAt": "2025-10-14T09:56:18.097Z",
    "updatedAt": "2025-10-14T09:56:18.097Z",
    "changeHistory": [],
    "__v": 0
  },
  {
    "_id": "68ee1e42cdfbf697fdd66a72",
    "academicYearId": "68d8b25effe9c2eccae088b4",
    "code": "B3.03.02.06",
    "name": "Các tài liệu phát cho sinh viên, các tờ giới thiệu HV, hình ảnh chụp các pano nơi đặt tầm nhìn sứ mạng",
    "programId": "68d8b25effe9c2eccae088b6",
    "organizationId": "68d8b25effe9c2eccae088b5",
    "standardId": "68d8b25effe9c2eccae088b9",
    "criteriaId": "68e76a1df301daf1305d67ef",
    "createdBy": "68d8b25effe9c2eccae088b0",
    "updatedBy": "68d8b25effe9c2eccae088b0",
    "files": [],
    "tags": [],
    "status": "new",
    "downloadStats": {
      "totalDownloads": 0
    },
    "createdAt": "2025-10-14T09:56:18.103Z",
    "updatedAt": "2025-10-14T09:56:18.103Z",
    "changeHistory": [],
    "__v": 0
  },
  {
    "_id": "68ee1e42cdfbf697fdd66a75",
    "academicYearId": "68d8b25effe9c2eccae088b4",
    "code": "B3.03.02.07",
    "name": "Kế hoạch hàng năm của Học viện",
    "programId": "68d8b25effe9c2eccae088b6",
    "organizationId": "68d8b25effe9c2eccae088b5",
    "standardId": "68d8b25effe9c2eccae088b9",
    "criteriaId": "68e76a1df301daf1305d67ef",
    "createdBy": "68d8b25effe9c2eccae088b0",
    "updatedBy": "68d8b25effe9c2eccae088b0",
    "files": [],
    "tags": [],
    "status": "new",
    "downloadStats": {
      "totalDownloads": 0
    },
    "createdAt": "2025-10-14T09:56:18.108Z",
    "updatedAt": "2025-10-14T09:56:18.108Z",
    "changeHistory": [],
    "__v": 0
  },
  {
    "_id": "68ee1e42cdfbf697fdd66a78",
    "academicYearId": "68d8b25effe9c2eccae088b4",
    "code": "B3.03.02.08",
    "name": "Biên bản họp giao ban các đơn vị phổ biến quán triệt TNSM",
    "programId": "68d8b25effe9c2eccae088b6",
    "organizationId": "68d8b25effe9c2eccae088b5",
    "standardId": "68d8b25effe9c2eccae088b9",
    "criteriaId": "68e76a1df301daf1305d67ef",
    "createdBy": "68d8b25effe9c2eccae088b0",
    "updatedBy": "68d8b25effe9c2eccae088b0",
    "files": [],
    "tags": [],
    "status": "new",
    "downloadStats": {
      "totalDownloads": 0
    },
    "createdAt": "2025-10-14T09:56:18.114Z",
    "updatedAt": "2025-10-14T09:56:18.114Z",
    "changeHistory": [],
    "__v": 0
  },
  {
    "_id": "68ee1e42cdfbf697fdd66a7b",
    "academicYearId": "68d8b25effe9c2eccae088b4",
    "code": "B3.03.02.09",
    "name": "Nghị quyết Hội nghị đại biểu cán bộ viên chức năm học 2017-2018 đến 2021-2022",
    "programId": "68d8b25effe9c2eccae088b6",
    "organizationId": "68d8b25effe9c2eccae088b5",
    "standardId": "68d8b25effe9c2eccae088b9",
    "criteriaId": "68e76a1df301daf1305d67ef",
    "createdBy": "68d8b25effe9c2eccae088b0",
    "updatedBy": "68d8b25effe9c2eccae088b0",
    "files": [],
    "tags": [],
    "status": "new",
    "downloadStats": {
      "totalDownloads": 0
    },
    "createdAt": "2025-10-14T09:56:18.119Z",
    "updatedAt": "2025-10-14T09:56:18.119Z",
    "changeHistory": [],
    "__v": 0
  },
  {
    "_id": "68ee1e42cdfbf697fdd66a7e",
    "academicYearId": "68d8b25effe9c2eccae088b4",
    "code": "B3.03.02.10",
    "name": "Kế hoạch tổ chức tuần sinh hoạt công dân – HSSV các năm học 2017-2022",
    "programId": "68d8b25effe9c2eccae088b6",
    "organizationId": "68d8b25effe9c2eccae088b5",
    "standardId": "68d8b25effe9c2eccae088b9",
    "criteriaId": "68e76a1df301daf1305d67ef",
    "createdBy": "68d8b25effe9c2eccae088b0",
    "updatedBy": "68d8b25effe9c2eccae088b0",
    "files": [],
    "tags": [],
    "status": "new",
    "downloadStats": {
      "totalDownloads": 0
    },
    "createdAt": "2025-10-14T09:56:18.124Z",
    "updatedAt": "2025-10-14T09:56:18.124Z",
    "changeHistory": [],
    "__v": 0
  },
  {
    "_id": "68ee1e42cdfbf697fdd66a81",
    "academicYearId": "68d8b25effe9c2eccae088b4",
    "code": "B3.03.02.11",
    "name": "Tờ rơi giới thiệu về Học viện",
    "programId": "68d8b25effe9c2eccae088b6",
    "organizationId": "68d8b25effe9c2eccae088b5",
    "standardId": "68d8b25effe9c2eccae088b9",
    "criteriaId": "68e76a1df301daf1305d67ef",
    "createdBy": "68d8b25effe9c2eccae088b0",
    "updatedBy": "68d8b25effe9c2eccae088b0",
    "files": [],
    "tags": [],
    "status": "new",
    "downloadStats": {
      "totalDownloads": 0
    },
    "createdAt": "2025-10-14T09:56:18.129Z",
    "updatedAt": "2025-10-14T09:56:18.129Z",
    "changeHistory": [],
    "__v": 0
  },
  {
    "_id": "68ee1e42cdfbf697fdd66a84",
    "academicYearId": "68d8b25effe9c2eccae088b4",
    "code": "B3.03.02.12",
    "name": "Kế hoạch, phiếu lấy ý kiến các bên về xây dựng tầm nhìn sứ mạng",
    "programId": "68d8b25effe9c2eccae088b6",
    "organizationId": "68d8b25effe9c2eccae088b5",
    "standardId": "68d8b25effe9c2eccae088b9",
    "criteriaId": "68e76a1df301daf1305d67ef",
    "createdBy": "68d8b25effe9c2eccae088b0",
    "updatedBy": "68d8b25effe9c2eccae088b0",
    "files": [],
    "tags": [],
    "status": "new",
    "downloadStats": {
      "totalDownloads": 0
    },
    "createdAt": "2025-10-14T09:56:18.133Z",
    "updatedAt": "2025-10-14T09:56:18.133Z",
    "changeHistory": [],
    "__v": 0
  }
]