[
  {
    "_id": "68f1fe94a7c8ecb70bc55ed3",
    "recipientId": "68ebc18d771e0df31e980506",
    "senderId": "68d8b25effe9c2eccae088b1",
    "type": "assignment_new",
    "title": "Phân quyền đánh giá mới",
    "message": "Bạn được phân quyền đánh giá báo cáo: 04-QĐ/BCĐTW",
    "data": {
      "reportId": "68f1f9c3a7c8ecb70bc5590c",
      "assignmentId": "68f1fe94a7c8ecb70bc55ece",
      "url": "/reports/assignments/68f1fe94a7c8ecb70bc55ece"
    },
    "priority": "normal",
    "status": "sent",
    "channels": {
      "inApp": true,
      "email": false,
      "sms": false
    },
    "createdAt": "2025-10-17T08:30:12.896Z",
    "updatedAt": "2025-10-17T08:30:12.896Z",
    "expiresAt": "2025-11-16T08:30:12.898Z",
    "__v": 0
  },
  {
    "_id": "68f1fe94a7c8ecb70bc55ee4",
    "recipientId": "68d8b25effe9c2eccae088b2",
    "senderId": "68d8b25effe9c2eccae088b1",
    "type": "assignment_new",
    "title": "Phân quyền đánh giá mới",
    "message": "Bạn được phân quyền đánh giá báo cáo: 04-QĐ/BCĐTW",
    "data": {
      "reportId": "68f1f9c3a7c8ecb70bc5590c",
      "assignmentId": "68f1fe94a7c8ecb70bc55edf",
      "url": "/reports/assignments/68f1fe94a7c8ecb70bc55edf"
    },
    "priority": "normal",
    "status": "sent",
    "channels": {
      "inApp": true,
      "email": false,
      "sms": false
    },
    "createdAt": "2025-10-17T08:30:12.936Z",
    "updatedAt": "2025-10-17T08:30:12.936Z",
    "expiresAt": "2025-11-16T08:30:12.937Z",
    "__v": 0
  },
  {
    "_id": "68f20553765f939c3ecec89c",
    "recipientId": "68dcf5de99a947aefc999740",
    "senderId": "68d8b25effe9c2eccae088b1",
    "type": "assignment_new",
    "title": "Phân quyền đánh giá mới",
    "message": "Bạn được phân quyền đánh giá báo cáo: 04-QĐ/BCĐTW",
    "data": {
      "reportId": "68f1f9c3a7c8ecb70bc5590c",
      "assignmentId": "68f20553765f939c3ecec897",
      "url": "/reports/assignments/68f20553765f939c3ecec897"
    },
    "priority": "normal",
    "status": "sent",
    "channels": {
      "inApp": true,
      "email": false,
      "sms": false
    },
    "createdAt": "2025-10-17T08:58:59.118Z",
    "updatedAt": "2025-10-17T08:58:59.118Z",
    "expiresAt": "2025-11-16T08:58:59.119Z",
    "__v": 0
  }
]