[
  {
    "_id": "68d8b25effe9c2eccae088b5",
    "academicYearId": "68d8b25effe9c2eccae088b4",
    "name": "Bộ Giáo dục và Đào tạo",
    "code": "MOET",
    "level": "national",
    "contactEmail": "contact@moet.gov.vn",
    "contactPhone": "0243 869 8113",
    "status": "active",
    "createdBy": "68d8b25effe9c2eccae088b0",
    "updatedBy": "68d8b25effe9c2eccae088b0",
    "metadata": {
      "totalPrograms": 1,
      "totalStandards": 3,
      "totalEvidences": 2
    },
    "createdAt": "2025-09-28T03:58:22.070Z",
    "updatedAt": "2025-09-28T03:58:22.070Z"
  },
  {
    "_id": "68e775c8f301daf1305d6ede",
    "academicYearId": "68da10d2699a76a3e6237f55",
    "name": "Trường Đại học CMC",
    "code": "CMC",
    "contactEmail": "iamtvloc02@gmail.com",
    "contactPhone": "0987655124",
    "status": "active",
    "createdBy": "68d8b25effe9c2eccae088b0",
    "updatedBy": "68d8b25effe9c2eccae088b0",
    "metadata": {
      "totalPrograms": 0,
      "totalStandards": 0,
      "totalEvidences": 0
    },
    "createdAt": "2025-10-09T08:43:52.838Z",
    "updatedAt": "2025-10-09T08:43:52.838Z",
    "__v": 0
  },
  {
    "_id": "68ecc78908f57449aa632924",
    "academicYearId": "68ecc5aa08f57449aa632305",
    "name": "CMC",
    "code": "CMC",
    "contactEmail": "tvlochere@gmail.com",
    "contactPhone": "0987655124",
    "status": "active",
    "createdBy": "68d8b25effe9c2eccae088b0",
    "updatedBy": "68d8b25effe9c2eccae088b0",
    "metadata": {
      "totalPrograms": 0,
      "totalStandards": 0,
      "totalEvidences": 0
    },
    "createdAt": "2025-10-13T09:34:01.694Z",
    "updatedAt": "2025-10-13T09:34:01.694Z",
    "__v": 0
  }
]